,Judul Berita,Isi Berita
0,SBY Soal Putusan PN Jakpus Tunda Pemilu 2024: What's Really Going On?,Presiden keenam Republik Indonesia Susilo Bambang Yudhoyono (SBY) menyoroti putusan Pengadilan Negeri (PN) Jakarta Pusat yang mengabulkan gugatan Partai Rakyat Adil Makmur (Prima) dan menghukum Komisi Pemilihan Umum (KPU) untuk tidak melaksanakan sisa tahapan Pemilu 2024.
1,"Partai Prima dan Agus Jabo, Aktor di Balik Gugatan Tunda Pemilu 2024",Partai Rakyat Adil Makmur (Prima) menjadi pihak di balik putusan Pengadilan Negeri Jakarta Pusat tentang penundaan pemilu hingga 2025.
2,Status Baru AG Pacar Mario Usai Polisi Kuak Chat WhatsApp hingga CCTV,"Polda Metro Jaya menetapkan status baru terhadap anak perempuan berinisial AG di kasus penganiayaan anak pengurus GP Ansor, Cristalino David Ozora oleh anak pejabat Ditjen Pajak Rafael Alun Trisambodo, Mario Dandy Satriyo."
3,Harta Kim Jong Un Tembus Rp76 T saat Korut Krisis Akut,Kekayaan pemimpin Korea Utara Kim Jong Un dikabarkan naik menjadi US$5 miliar atau sekitar Rp76 triliun pada 2023 saat krisis akut menghantam negara itu.
4,VIDEO: Dubes Rusia Bicara Propaganda Barat hingga Misi Damai China,"Perdana Menteri Fiji Sitiveni Rabuka menjadi sorotan setelah memicu amarah Indonesia dengan bertemu dengan tokoh separatis Papua, Benny Wenda, baru-baru ini."
5,Kenapa PM Fiji Dukung Gerakan Papua Merdeka Benny Wenda?,Menko Kemaritiman dan Investasi Luhut Panjaitan dan anak buahnya mulai memakai Kendaraan Bermotor Listrik Berbasis Baterai (KBLBB) atau kendaraan listrik untuk mobil dinas.
6,Luhut dan Anak Buah Mulai Pakai Mobil Listrik untuk Dinas,"Badan Pengawas Perdagangan Berjangka Komoditi (Bappebti) mencatat jumlah transaksi aset kripto pada Januari 2023 mengalami peningkatan. Dalam catatan Bappebti, peningkatan aset kripto pada Januari 2023 sebesar Rp12,14 triliun atau naik 24,6 persen dibanding bulan sebelumnya."
7,Cara Mudah Buat Investor Aset Kripto Dapat Tambahan Modal,Direktur Jenderal Perkeretaapian Kemenhub Risal Wasal mengatakan kereta api perintis lintas Makassar-Parepare segera diresmikan pada Maret ini.
8,Kemenhub Akan Resmikan KA Makassar-Parepare Maret Ini,"Michael Rinaldi berhasil jadi yang tercepat di sesi latihan bebas pertama (FP1) WSBK Mandalika, mengalahkan Toprak Razgatlioglu."
9,Hasil FP1 WSBK Mandalika: Rinaldi Kalahkan Toprak,Marc Marquez mengungkap hubungan buruk dengan Valentino Rossi bukan terjadi sejak MotoGP Malaysia 2015. Pembalap Repsol Honda itu mengungkap rahasia mengenai insiden di 2014.
10,Hari Pertama Latihan Bebas WSBK Mandalika 2023 Cuaca Cerah,"Tim SpaceX Crew-6 yang beranggotakan empat astronaut, termasuk astronaut asal Uni Emirat Arab (UEA) Sultan AlNeyadi, sukses meluncur menuju Stasiun Luar Angkasa Internasional (ISS)."
11,Marquez Ungkap Rahasia: Rossi Marah Sama Saya Sejak 2014,Teknologi kecerdasan buatan ChatGPT menuai tepuk tangan meriah sekaligus sinisme dunia dalam rentang usianya yang amat muda. Mungkinkah sensasi platform besutan OpenAI ini menggusur manusia?
12,"Crew-6 'OTW' ke ISS, Petualangan AlNeyadi di Luar Angkasa Dimulai",Pimpinan Badan Riset dan Inovasi Nasional (BRIN) disebut memanggil para peneliti yang membongkar cela lembaga sambil memberi ancaman pangkas tunjangan kinerja.
13,"ChatGPT, Antara Revolusi Internet dan Kisah Kalkulator",Sepeda motor besar atau moge yang tidak dilengkapi surat-surat seperti STNK dan BPKB menyita perhatian masyarakat. Moge sejenis Harley-Davidson masih berkeliaran di jalan bahkan ada dugaan dikawal polisi setiap aktivitas touring.
14,Peneliti BRIN Terancam Sanksi Sunat Tunjangan Jika Bocor ke Media,"Irianto Ibrahim, Presiden Motor Besar Club Indonesia (MBCI) mengeluhkan masih banyak pengguna Harley-Davidson yang tidak dilengkapi surat-surat kendaraan atau bodong. Ia berharap kepolisian menertibkan mereka agar cap pemilik moge tetap baik."
15,Belajar Segala Sesuatu soal Kendaraan Elektrifikasi di XEV Center,"Indra Bekti memberikan pesan terhadap istrinya, Aldila Jelita, setelah keduanya mendaftarkan gugatan perceraian ke Pengadilan Agama Jakarta Selatan."
16,Netizen Komplain Fenomena Moge Bodong Tak Bisa Diredam di Indonesia,"Steve Mackey, gitaris bass band pop Inggris Pulp, meninggal pada Kamis (2/3). Sang istri, Katie Grand, mengatakan Steve Mackey meninggal saat berusia 56 tahun setelah menjalani perawatan di rumah sakit."
17,Klub Moge Minta Polisi Tertibkan Harley-Davidson Bodong Bebas Keliaran,"Pengacara Venna Melinda menyebut ada bagian dari isi dokumen cerai talak dari Ferry Irawan yang masih menjadi keberatan, meski keduanya sama-sama sepakat bercerai."
18,Indra Bekti Kirim Pesan ke Aldila: Titip Anak-anak,Saskia von Bargen lolos ke babak final Miss Germany 2023. Ia adalah transpuan kedua yang turut serta dalam ajang kecantikan di Jerman ini. Bagaimana kisahnya?
19,"Steve Mackey, Pemain Bas Band Pulp Meninggal Dunia","Diabetes adalah penyakit yang disebabkan kadar gula tinggi dalam darah. Ketika hal itu terjadi, biasanya akan muncul beberapa tanda diabetes pada kulit."
20,Venna Ada Keberatan dengan Isi Gugatan Cerai Talak dari Ferry,"Krim mata alias eye cream masuk salah satu rangkaian perawatan kulit, khususnya di area sekitar mata. Simak cara pakai eye cream agar hasilnya optimal."
21,"Transpuan Lolos Final Miss Germany 2023, Ini Kisahnya",Petinggi Partai Persatuan Pembangunan (PPP) dan Partai Kebangkitan Bangsa (PKB) pernah menyebut masih ada pihak yang berusaha menunda pelaksanaan Pemilu 2024.
22,"12 Tanda Diabetes yang Muncul pada Kulit, Luka Sulit Sembuh",Presiden keenam Republik Indonesia Susilo Bambang Yudhoyono (SBY) menyoroti putusan Pengadilan Negeri (PN) Jakarta Pusat yang mengabulkan gugatan Partai Rakyat Adil Makmur (Prima) dan menghukum Komisi Pemilihan Umum (KPU) untuk tidak melaksanakan sisa tahapan Pemilu 2024.
23,"4 Langkah Tepat Pakai Eye Cream, Jangan Asal Oles",Partai Rakyat Adil Makmur (Prima) menjadi pihak di balik putusan Pengadilan Negeri Jakarta Pusat tentang penundaan pemilu hingga 2025.
24,PPP dan PKB Pernah Ingatkan Bahaya Laten Kelompok Tunda Pemilu,Kekayaan pemimpin Korea Utara Kim Jong Un dikabarkan naik menjadi US$5 miliar atau sekitar Rp76 triliun pada 2023 saat krisis akut menghantam negara itu.
25,SBY Soal Putusan PN Jakpus Tunda Pemilu 2024: What's Really Going On?,"Perdana Menteri Fiji Sitiveni Rabuka menjadi sorotan setelah memicu amarah Indonesia dengan bertemu dengan tokoh separatis Papua, Benny Wenda, baru-baru ini."
26,"Partai Prima dan Agus Jabo, Aktor di Balik Gugatan Tunda Pemilu 2024",Menko Kemaritiman dan Investasi Luhut Panjaitan dan anak buahnya mulai memakai Kendaraan Bermotor Listrik Berbasis Baterai (KBLBB) atau kendaraan listrik untuk mobil dinas.
27,Harta Kim Jong Un Tembus Rp76 T saat Korut Krisis Akut,"Badan Pengawas Perdagangan Berjangka Komoditi (Bappebti) mencatat jumlah transaksi aset kripto pada Januari 2023 mengalami peningkatan. Dalam catatan Bappebti, peningkatan aset kripto pada Januari 2023 sebesar Rp12,14 triliun atau naik 24,6 persen dibanding bulan sebelumnya."
28,VIDEO: Dubes Rusia Bicara Propaganda Barat hingga Misi Damai China,Direktur Jenderal Perkeretaapian Kemenhub Risal Wasal mengatakan kereta api perintis lintas Makassar-Parepare segera diresmikan pada Maret ini.
29,Kenapa PM Fiji Dukung Gerakan Papua Merdeka Benny Wenda?,"Michael Rinaldi berhasil jadi yang tercepat di sesi latihan bebas pertama (FP1) WSBK Mandalika, mengalahkan Toprak Razgatlioglu."
30,Luhut dan Anak Buah Mulai Pakai Mobil Listrik untuk Dinas,Marc Marquez mengungkap hubungan buruk dengan Valentino Rossi bukan terjadi sejak MotoGP Malaysia 2015. Pembalap Repsol Honda itu mengungkap rahasia mengenai insiden di 2014.
31,Cara Mudah Buat Investor Aset Kripto Dapat Tambahan Modal,"Tim SpaceX Crew-6 yang beranggotakan empat astronaut, termasuk astronaut asal Uni Emirat Arab (UEA) Sultan AlNeyadi, sukses meluncur menuju Stasiun Luar Angkasa Internasional (ISS)."
32,Kemenhub Akan Resmikan KA Makassar-Parepare Maret Ini,Teknologi kecerdasan buatan ChatGPT menuai tepuk tangan meriah sekaligus sinisme dunia dalam rentang usianya yang amat muda. Mungkinkah sensasi platform besutan OpenAI ini menggusur manusia?
33,Hasil FP1 WSBK Mandalika: Rinaldi Kalahkan Toprak,Pimpinan Badan Riset dan Inovasi Nasional (BRIN) disebut memanggil para peneliti yang membongkar cela lembaga sambil memberi ancaman pangkas tunjangan kinerja.
34,Hari Pertama Latihan Bebas WSBK Mandalika 2023 Cuaca Cerah,Sepeda motor besar atau moge yang tidak dilengkapi surat-surat seperti STNK dan BPKB menyita perhatian masyarakat. Moge sejenis Harley-Davidson masih berkeliaran di jalan bahkan ada dugaan dikawal polisi setiap aktivitas touring.
35,Marquez Ungkap Rahasia: Rossi Marah Sama Saya Sejak 2014,"Irianto Ibrahim, Presiden Motor Besar Club Indonesia (MBCI) mengeluhkan masih banyak pengguna Harley-Davidson yang tidak dilengkapi surat-surat kendaraan atau bodong. Ia berharap kepolisian menertibkan mereka agar cap pemilik moge tetap baik."
36,"Crew-6 'OTW' ke ISS, Petualangan AlNeyadi di Luar Angkasa Dimulai","Indra Bekti memberikan pesan terhadap istrinya, Aldila Jelita, setelah keduanya mendaftarkan gugatan perceraian ke Pengadilan Agama Jakarta Selatan."
37,"ChatGPT, Antara Revolusi Internet dan Kisah Kalkulator","Steve Mackey, gitaris bass band pop Inggris Pulp, meninggal pada Kamis (2/3). Sang istri, Katie Grand, mengatakan Steve Mackey meninggal saat berusia 56 tahun setelah menjalani perawatan di rumah sakit."
38,Peneliti BRIN Terancam Sanksi Sunat Tunjangan Jika Bocor ke Media,"Pengacara Venna Melinda menyebut ada bagian dari isi dokumen cerai talak dari Ferry Irawan yang masih menjadi keberatan, meski keduanya sama-sama sepakat bercerai."
39,Belajar Segala Sesuatu soal Kendaraan Elektrifikasi di XEV Center,Saskia von Bargen lolos ke babak final Miss Germany 2023. Ia adalah transpuan kedua yang turut serta dalam ajang kecantikan di Jerman ini. Bagaimana kisahnya?
40,Netizen Komplain Fenomena Moge Bodong Tak Bisa Diredam di Indonesia,"Diabetes adalah penyakit yang disebabkan kadar gula tinggi dalam darah. Ketika hal itu terjadi, biasanya akan muncul beberapa tanda diabetes pada kulit."
41,Klub Moge Minta Polisi Tertibkan Harley-Davidson Bodong Bebas Keliaran,"Krim mata alias eye cream masuk salah satu rangkaian perawatan kulit, khususnya di area sekitar mata. Simak cara pakai eye cream agar hasilnya optimal."
42,Indra Bekti Kirim Pesan ke Aldila: Titip Anak-anak,Petinggi Partai Persatuan Pembangunan (PPP) dan Partai Kebangkitan Bangsa (PKB) pernah menyebut masih ada pihak yang berusaha menunda pelaksanaan Pemilu 2024.
43,"Steve Mackey, Pemain Bas Band Pulp Meninggal Dunia",Presiden keenam Republik Indonesia Susilo Bambang Yudhoyono (SBY) menyoroti putusan Pengadilan Negeri (PN) Jakarta Pusat yang mengabulkan gugatan Partai Rakyat Adil Makmur (Prima) dan menghukum Komisi Pemilihan Umum (KPU) untuk tidak melaksanakan sisa tahapan Pemilu 2024.
44,Venna Ada Keberatan dengan Isi Gugatan Cerai Talak dari Ferry,Partai Rakyat Adil Makmur (Prima) menjadi pihak di balik putusan Pengadilan Negeri Jakarta Pusat tentang penundaan pemilu hingga 2025.
45,"Transpuan Lolos Final Miss Germany 2023, Ini Kisahnya",Kekayaan pemimpin Korea Utara Kim Jong Un dikabarkan naik menjadi US$5 miliar atau sekitar Rp76 triliun pada 2023 saat krisis akut menghantam negara itu.
46,"12 Tanda Diabetes yang Muncul pada Kulit, Luka Sulit Sembuh","Perdana Menteri Fiji Sitiveni Rabuka menjadi sorotan setelah memicu amarah Indonesia dengan bertemu dengan tokoh separatis Papua, Benny Wenda, baru-baru ini."
47,"4 Langkah Tepat Pakai Eye Cream, Jangan Asal Oles",Menko Kemaritiman dan Investasi Luhut Panjaitan dan anak buahnya mulai memakai Kendaraan Bermotor Listrik Berbasis Baterai (KBLBB) atau kendaraan listrik untuk mobil dinas.
48,PPP dan PKB Pernah Ingatkan Bahaya Laten Kelompok Tunda Pemilu,"Badan Pengawas Perdagangan Berjangka Komoditi (Bappebti) mencatat jumlah transaksi aset kripto pada Januari 2023 mengalami peningkatan. Dalam catatan Bappebti, peningkatan aset kripto pada Januari 2023 sebesar Rp12,14 triliun atau naik 24,6 persen dibanding bulan sebelumnya."
49,SBY Soal Putusan PN Jakpus Tunda Pemilu 2024: What's Really Going On?,Direktur Jenderal Perkeretaapian Kemenhub Risal Wasal mengatakan kereta api perintis lintas Makassar-Parepare segera diresmikan pada Maret ini.
50,"Partai Prima dan Agus Jabo, Aktor di Balik Gugatan Tunda Pemilu 2024","Michael Rinaldi berhasil jadi yang tercepat di sesi latihan bebas pertama (FP1) WSBK Mandalika, mengalahkan Toprak Razgatlioglu."
