,Date,Username,Tweet,Lokasi
0,2023-03-03 03:43:55+00:00,"Presiden simbol negara dasarnya Pancasila&amp;burung garuda UUD 45 psl 36A. Sila 1, diwajibkan WNI keturunan laksanakan QS 49:13 agar bhineka tunggal ika berjalan. Burung garuda tdk ada di RRT/Arab dlm,yg ada di +62
Cc @ListyoSigitP @mohmahfudmd @jokowi @puanmaharani_ri @Fahrihamzah",Hendrikorachman,
1,2023-03-03 03:42:30+00:00,"tumben lo waras broo? 😁
@PDIPerjuangan 
@puanmaharani_ri",MadePuja16,
2,2023-03-03 03:35:58+00:00,"Dlm UUD 45 psl 6 &amp; 18, presiden sebagai lambang NKRI dimana tafsir ada kekhususan yaitu peresiden hrs orang indonesia asli. Org indonesia asli pengertiannya ttg sosial budaya +62 pk @ListyoSigitP 
Cc @mohmahfudmd @jokowi @KPU_ID @puanmaharani_ri @LaNyallaMM1 @Fahrihamzah @DPR_RI",Hendrikorachman,
3,2023-03-03 03:34:20+00:00,@astronoudt @PolJokesID Gw voting mba² ini aja deh @puanmaharani_ri,rusdiandi1,indonesia
4,2023-03-03 03:20:26+00:00,@TxtdariDJB @fourdn_ @AREAJULID Apa sdh ktmu solusinya yang mulia @puanmaharani_ri ?,Aridjaw,"ÜT: -6.0305484,106.0482681"
5,2023-03-03 03:20:19+00:00,"Jika om @RamliRizal hebat, napa Gusdur bisa lengser jadi presiden NKRI. Dg jadi presiden tdk bisa selesaikan masalah jika @DPR_RI niatnya bukan utk rakyat
Cc @jokowi @mohmahfudmd @Fahrihamzah @puanmaharani_ri @LaNyallaMM1 @ZUL_Hasan @cakimiNOW @jansen_jsp @airlangga_hrt @KPK_RI",Hendrikorachman,
6,2023-03-03 03:16:45+00:00,"Politisi partai saat itu di @DPR_RI niatnya bukan utk rakyat tapi perkaya buat kelompok &amp; dirinya sendiri. Beda waktu baru merdeka, saling kritisi utk kepentingan rakyat&amp; NKRI
Cc @RamliRizal @jokowi @FaisalBasri @bahlillahadalia @mohmahfudmd @puanmaharani_ri @cakimiNOW @KPK_RI",Hendrikorachman,
7,2023-03-03 03:11:47+00:00,"@BuruhPemda moga Presiden @jokowi mendengarkan aspirasi soal ketimpangan tukin!
biasanya beliau gerak cepat!
@kempanrb @prastow @BKNgoid @kemendagri @KSPgoid @KemensetnegRI @mohmahfudmd @puanmaharani_ri @pramonoanung @ganjarpranowo @PBIDI @erickthohir @PNS_Ababil @gibran_tweet",AikHoki,
8,2023-03-03 02:58:38+00:00,@kiwalipitu @KAPLAK_DENGKLAK @ch_chotimah2 @ganjarpranowo @puanmaharani_ri @jokowi Ready olweis ki 😁,Coco_exp,Gosan 
9,2023-03-03 02:54:33+00:00,@Coco_exp @ch_chotimah2 @ganjarpranowo @puanmaharani_ri @jokowi @kiwalipitu Dijemput karo Jeep-longan 🤣🤣🤣,KAPLAK_DENGKLAK,
10,2023-03-03 02:53:45+00:00,@Coco_exp @KAPLAK_DENGKLAK @ch_chotimah2 @ganjarpranowo @puanmaharani_ri @jokowi Aja kelalen nggawa salak karo duren👍🤝😁,kiwalipitu,Jakarta timur
11,2023-03-03 02:53:22+00:00,"@Coco_exp @ch_chotimah2 @ganjarpranowo @puanmaharani_ri @jokowi @kiwalipitu arep tek tuntun mubeng2 pasar... 
Jere pemimpin go tuntunan ya dituntun mbok kongseb 🙈🙈🙈",KAPLAK_DENGKLAK,
12,2023-03-03 02:51:06+00:00,@KAPLAK_DENGKLAK @ch_chotimah2 @ganjarpranowo @puanmaharani_ri @jokowi @kiwalipitu Jel dijemput nggo rubikon kang,Coco_exp,Gosan 
13,2023-03-03 02:50:08+00:00,"@Coco_exp @ch_chotimah2 @ganjarpranowo @puanmaharani_ri Sip... 
Disuguih bodolan pasar hasil dari mahakarya ndoro tuwan kanjeng gusti fangeran ndara kampung... 
Urung gelem ngampreng maring gonku koh ki @ganjarpranowo Ki @jokowi ...
Urung gelem ngambah tanah Lembah Cawene Serayu Perdikan larangan - PURWAKENCANA...
Yoh @kiwalipitu",KAPLAK_DENGKLAK,
14,2023-03-03 02:47:03+00:00,@KAPLAK_DENGKLAK @ch_chotimah2 @ganjarpranowo @puanmaharani_ri Aja kelalen di suguh gedang godok kang,Coco_exp,Gosan 
15,2023-03-03 02:44:58+00:00,@Quvvatt @puanmaharani_ri @PDI_Perjuangan Kuwalat arek iki!!,PrakarsaWin,
16,2023-03-03 02:44:34+00:00,"@Coco_exp @ch_chotimah2 @ganjarpranowo Ngeneh ki @ganjarpranowo Kon tilik pasare Inyong nang lembah serayu bae... 
Sepuluh tahun ora dirawat secara profesional... 
Dadi ndara nang kampung mung andon mlentetna telieh karo gagang tok... 
Monggo yu @puanmaharani_ri Rika tek celuk kon kloyong klinong deleng kasunyatane..",KAPLAK_DENGKLAK,
17,2023-03-03 02:41:02+00:00,"Ketua DPR RI Puan Maharani berada di urutan kedelapan dengan meraih dukungan 13 suara (0,97 persen).

Prabowo Subianto

#PrabowoUnggul

#PrabowoNana2024

#PrabowoBelaPetani

#PrabowoPerkuatKesehatan

#BangkitBersama

Setyoko2024",SitiSumiran,
18,2023-03-03 02:32:01+00:00,"Dlm UUD 45 psl 22E ayat 3 wajib ada partai, kep @MahkamahAgung bisa tertunda pemilu krn syarat peserta pemilu.Ada kekosongan hukum ttg penjelasan pemilu di @KPU_ID &amp; @bawaslu_RI 
Cc @Yusrilihza_Mhd @jokowi @puanmaharani_ri @LaNyallaMM1 @febridiansyah @jansen_jsp @dennyindrayana",Hendrikorachman,
19,2023-03-03 02:28:50+00:00,@Brigade01Arwan1 @DPP_PKB @cakimiNOW @halimiskandarnu @EmHasanuddin @yusuf_ch @yazid_my @FarsaLukman @Bambangelf @masbams70 @mohmahfudmd @prabowo @puanmaharani_ri @psi_id Topkb dah,RiyadusSholiqin,"Lamongan, Jawa Timur"
20,2023-03-03 02:21:06+00:00,"@Quvvatt @puanmaharani_ri @PDI_Perjuangan Bung Karno Pandai Bicara dalam Hal Mengobarkan semangat Kemerdekaan..Bukan Nipu dan bersilat Lidah, cth:

Banjir disebut Parkir Air..😄
Banjir disebabkan Banyak Air yg jatuh Bersamaan..😄
Lokasi lahir boleh di mana saja, tapi lokasi mimpi harus di langit 😄

Satu kata: Longor",appeared_p,
21,2023-03-03 02:16:54+00:00,"@Quvvatt @puanmaharani_ri @PDI_Perjuangan Orasi BK bisa menyihir dunia saat itu,diplomasinya hebat,masa sih hasto tak tahu?",sri_darmo,
22,2023-03-03 02:00:44+00:00,"@PUTRI_41708 @KPK_RI @jokowi 
@mohmahfudmd 

Udah sering pak.. #BubarkanKPK 
@puanmaharani_ri  sahkan RUU perampasan Aset Koruptor",AswinbaharD,Jakarta
23,2023-03-03 01:52:35+00:00,"Kyai Imam Aziz, Stafsus Wapres RI Apresiasi @DPP_PKB atas inisiasi fit n proper test Caleg PKB. Ini  jadi model yg bagus.
@cakimiNOW 
@halimiskandarnu
@EmHasanuddin
@yusuf_ch
@yazid_my 
@FarsaLukman
@Bambangelf 
@masbams70 
@mohmahfudmd 
@prabowo 
@puanmaharani_ri 
@psi_id https://t.co/1dmisfxeJw",Brigade01Arwan1,"Jakarta, Indonesia"
24,2023-03-03 01:47:08+00:00,@sasakpujut @ganjarpranowo @PDI_Perjuangan @puanmaharani_ri @KakekHalal @AriozAtha @4rios16 @indarsih72 Hahaha,Siantar72,
25,2023-03-03 01:21:59+00:00,@dan_kenapa @lovehateloveone @puanmaharani_ri ngawur mas sampean😭🙏,dutasz,"Yogyakarta, Indonesia"
26,2023-03-03 00:52:38+00:00,"Yth bu @puanmaharani_ri 
ini pa Hasto mulai nyindir Bung Karno bu
cc @PDI_Perjuangan 

https://t.co/S2XIQg3rPY",Quvvatt,Indonesia
27,2023-03-03 00:44:50+00:00,@puanmaharani_ri Ini dia baru sosok pemimpin.,Balukang11,
28,2023-03-02 22:50:09+00:00,"@NasDem @aniesbaswedan @PKSejahtera @PDemokrat @puanmaharani_ri @DPR_RI Ada yg otak nya cerdas? Silahkan simak video youtube satu ini 
https://t.co/juK9k78UsF",RaniaDanRayhan,
29,2023-03-02 22:36:16+00:00,@OposisiCerdas @66Hasto bukannya Bung Karno terkenal sebagai ORATOR ULUNG? @PDI_Perjuangan @puanmaharani_ri,dabenone2,
30,2023-03-02 20:27:14+00:00,"@puanmaharani_ri Pemeras rakyat mereka para pecinta harta dan tahta dengan dalih mewakili rakyat hanya untuk kepentingan pribadi dan kelompok nya.🤭

Kami PDIP (Perjuangan Dawagung Islam Persatuan) akan terus bergerak karena Alloh untuk mendapat keridoan-Nya.🤲

Hingga masarakaat adil &amp; makmur.🤝",adangkomarudin3,
31,2023-03-02 17:57:08+00:00,"Kelas tokoh👉🏻
Habis Jokowi terbitlah @aniesbaswedan 

Kelas partai
Habis partai  PAN @dpp_pan terbitlah Partai UMMAT @DPP_PartaiUmmat 

Kelas kader
Habis puan @puanmaharani_ri terbitlah ganjar @ganjarpranowo 

Kelas bocil 

Habis si David terbitlah rubicon",mas_rifai77,Indonesia
32,2023-03-02 16:30:41+00:00,Beliau @jokowi pidato sprti ini sudah yg ke berapa kali ya.Terakhir Oktober 2022.Ngumpulkan pejabat  Polri @ListyoSigitP mana perubahnnya? Semakin mundur. Kapolri yg berwajah jujur ijibsepertinya di Kibulin anggotanya.@mohmahfudmd @pramonoanung @agusandrianto89 @puanmaharani_ri,goenahmad,Jakarta
33,2023-03-02 16:21:24+00:00,"Jika mbak @puanmaharani_ri sebagai ketua @DPR_RI dan jika @PDI_Perjuangan mampu meloloskan RUU Perampasan Aset terhadap para koruptor,maka  @KPK_RI lebih baik dibubarkan saja sebab tidak berguna belakangan ini.
Cukup @KejaksaanRI saja .",saposikompak,"Medan Maimun, Indonesia"
34,2023-03-02 16:19:09+00:00,Gimana mbak @puanmaharani_ri kira2 siap jadi Presiden atau hanya sekedar Wakil Presiden? Anggot Fraksi PDIP kok blm ada yg gigih memperjuangkan Tokoh Perempuannya? Yg ada memperjuangkan Nomer Urut Caleg dan Dapil Gemuk Partai.sambil bawa Gambar Bung Karno gimana mbak @GunturPuti,goenahmad,Jakarta
35,2023-03-02 16:01:37+00:00,@Siantar72 @ganjarpranowo @PDI_Perjuangan @puanmaharani_ri @KakekHalal @AriozAtha @4rios16 @sasakpujut @indarsih72 Beda sama dajal nyaru menus...kuda tau lah https://t.co/vkBOV9YQfb,madularang,
36,2023-03-02 15:28:19+00:00,"@republikaonline @didienAZHAR Mbak @puanmaharani_ri ini petugas partainya mokong, ndak mau gantian, mbalelo dari komando Bu Mega.. tolong disampluki mbak..",cak_ipho,Jakarta Capital Region
37,2023-03-02 15:19:53+00:00,@democrazymedia Muak bener sama komentar2 orang ini min @PDI_Perjuangan @puanmaharani_ri @hasto66 ; semoga PDEIPE nyungsep,caknan6666,
38,2023-03-02 15:03:53+00:00,"@tanyakanrl Ibu @puanmaharani_ri  tidurnya salah mungkin, coba di ganti posisi nya.",T1234CZ,Tanah Air Jaya Sakti 
39,2023-03-02 14:35:29+00:00,"Data apa yg diberikan @KPU_ID ke @MahkamahAgung smp Pengadilan memenangkan partai tsb. Yg aneh itu @KPU_ID nya, jika banding wajib kasih data baru
Cc @tifsembiring @Yusrilihza_Mhd @jokowi @puanmaharani_ri @jansen_jsp @mohmahfudmd @cakimiNOW @ZUL_Hasan @Fahrihamzah @febridiansyah",Hendrikorachman,
40,2023-03-02 14:24:54+00:00,@ragezospirit @PDI_Perjuangan @puanmaharani_ri @jokowi @ListyoSigitP @DivHumas_Polri taek😑,mfthazm,dimana Weh moal bebeja
41,2023-03-02 14:23:40+00:00,Terimakasih bu @puanmaharani_ri banyak saudara disana. Semoga @KemenPU bisa memperjuangkan saudara dicianjur agar dapat berlebaran dirumah baru. Aamiin,buayakotak,"Jawa Barat, Indonesia"
42,2023-03-02 14:20:50+00:00,"Nah yg seperti ini bagus ada manfaat untuk masyarakat. Mantap bu @puanmaharani_ri sukses terus bu

Ramein dengan Ekspresikan Gayamu 
berita ekonomi tetkini
Asuransi AIA yg Silent Formula E dan Gelora Buat Konser",buayakotak,"Jawa Barat, Indonesia"
43,2023-03-02 14:18:39+00:00,@mfthazm @PDI_Perjuangan @puanmaharani_ri @jokowi @ListyoSigitP @DivHumas_Polri,ragezospirit,new world
44,2023-03-02 14:06:48+00:00,@liputan6dotcom puan capres @PDI_Perjuangan @puanmaharani_ri,ubinhasnanto1,
45,2023-03-02 13:18:31+00:00,"@satria_preda @RajaJuliAntoni @TjahjantoHadi @puanmaharani_ri Yg zona bisnis (lupa warnanya), pinggir jalan",iyhmdwfery,
46,2023-03-02 13:02:14+00:00,@Siantar72 @ganjarpranowo @PDI_Perjuangan @puanmaharani_ri @KakekHalal @AriozAtha @4rios16 @sasakpujut @indarsih72 Mantap betul,indra_hut,Bah-butong
47,2023-03-02 12:59:37+00:00,@PDI_Perjuangan @puanmaharani_ri @KejaksaanRI @KPK_RI,tsu_basha,
48,2023-03-02 12:48:56+00:00,@puanmaharani_ri Berlatih jadi presiden ...bagi2 sertifikat,konohatercinta,"Kota Surabaya, Jawa Timur"
49,2023-03-02 12:48:26+00:00,@msyuono @puanmaharani_ri Kan merintis dari anggota DPR RI jg,TimoraSinaga,"Cilegon, Indonesia"
50,2023-03-02 12:43:05+00:00,@puanmaharani_ri Ketua @DPR_RI Puteri dari Ketua @PDI_Perjuangan Megawati Soekarnoputri [Profil Puan Maharani 📺 selengkapnya tersedia di @fajarpostv: https://t.co/9Axic5snZH],fajarposmedia,Indonesia
51,2023-03-02 12:16:13+00:00,"@Siantar72 @ganjarpranowo @PDI_Perjuangan @puanmaharani_ri @KakekHalal @AriozAtha @4rios16 @sasakpujut @indarsih72 Kuda binatang pintar yang punya intuisi kuat.
Saking kuatnya, kuda tahu orang ""Munafik"" yang tingkah polanya di-mana2 selalu meresahkan.
Ketika org itu naik, kudanya tak mau bergerak, dipaksa2 dia mala marah, brontak.
Padahal dia itu Capres lho..
Malu sih, tapi ya.. 😂",saibibinKusim,"Kota Semarang, Jawa Tengah"
52,2023-03-02 12:02:45+00:00,"@Siantar72 @ganjarpranowo @PDI_Perjuangan @puanmaharani_ri @KakekHalal @AriozAtha @4rios16 @indarsih72 Tak usah di bnding banding eeeee,, pak @ganjarpranowo gitu lohhh",sasakpujut,
53,2023-03-02 12:02:41+00:00,"Tujuan adanya pidana agar org berprilaku baik kedepannya.Jika proses tdk adil, LAPAS langgar HAM, namanya balas dendam dlm hukum NKRI
Cc @jokowi @mohmahfudmd @puanmaharani_ri @DPR_RI @MahkamahAgung @febridiansyah @muannas_alaidid @ListyoSigitP @ST_Burhanuddin @DivHumas_Polri",Hendrikorachman,
54,2023-03-02 11:43:58+00:00,"Mengintimidasi anak usia dibawah 18 th sdh langgar UU no 11 thn 2012,apalagi menuduh sbg otak pembunuhan berencana bisa dipidana.UU TPKS pelecehan seksual ttg akal pikir bisa dipidana
Cc @DivHumas_Polri @ListyoSigitP @mohmahfudmd @muannas_alaidid @puanmaharani_ri @ST_Burhanuddin",Hendrikorachman,
55,2023-03-02 11:22:52+00:00,@NasDem @aniesbaswedan Nih Pk @aniesbaswedan @NasDem @PKSejahtera @PDemokrat Apa kata bu @puanmaharani_ri sbg ketua @DPR_RI tentang IKN https://t.co/GSBqf0vYHT,RaniaDanRayhan,
56,2023-03-02 11:20:01+00:00,"Kau jadi buzzer ganjar jabgI songong ke partai PDI-P. 
Tanpa PDI-P, jokowi dan ganjar gk bisa jadi presiden dan gubernur. 

Sok hebat kau sebagai relawan ganjar daripada PDI-P ya cok.. 

Hati hati mbak @puanmaharani_ri ..! https://t.co/mNT2ax0Ltq",Anaksemut4,banjar baru Kalimantan Selatan
57,2023-03-02 11:09:00+00:00,@puanmaharani_ri https://t.co/Ca2NpFINR3,MAMANSU82647094,
58,2023-03-02 11:00:01+00:00,"Halo #SobATRBPNJabar Wakil Menteri Agraria dan Tata Ruang/ Wakil Kepala Badan Pertanahan Nasional (ATR/BPN), Raja Juli Antoni bersama dengan Ketua Dewan Perwakilan Rakyat Republik Indonesia (DPR RI), Puan Maharani.. cont: https://t.co/ujN4CFBZeM https://t.co/o074OSKZOf",kantah_kbb,Jl. Raya Ciburuy No.334 KBB
59,2023-03-02 10:12:25+00:00,"@ShamsiAli2 The underlying notoriously  devastating problems for the Indonesia Leaders from the TOP DOWN, espescially the last 15 yrs, have been severely LACKING IN PRIORITY @jokowi @Kiyai_MarufAmin @puanmaharani_ri @bamsoet10 @Puspen_TNI @officialMKRI",ElangUtama2,South East Asia
60,2023-03-02 09:59:15+00:00,"PAN Dukung Ganjar, PDIP: Partai Tidak Percaya Diri https://t.co/O3yFCi8Gop lewat @pdipbali @PDI_Perjuangan @puanmaharani_ri @ganjarpranowo @sahabatganjar @Ganjarist_Ind @GanjarIndramayu @sahabatganjarid @ZUL_Hasan @YandriSusanto @eddy_soeparno @salehdaulay @aniesbaswedan",teropongmetro,Surabaya
61,2023-03-02 09:21:03+00:00,"@kemkominfo @PlateJohnny , Menteri BUMN Erick Thohir, Menko Marves Luhut Panjaitan hingga Ketua DPR RI Puan Maharani turut serta hadir di gelaran F1 Powerboad Lake Toba, Indonesia. https://t.co/QBBexGGqTl",PoponDisini,di hatimu
62,2023-03-02 09:18:19+00:00,"@kemkominfo @PlateJohnny , dg beberapa Menteri seperti Menteri BUMN Erick Thohir, Menko Marves Luhut Panjaitan dan Ketua DPR RI Puan Maharani tampak hadir di gelaran F1 Powerboad Lake Toba, Indonesia. https://t.co/Fqs5XFYJcG",si_demplonn,
63,2023-03-02 09:16:19+00:00,"Resmi Deklarasi Dukung Anies, AHY: Lengkap Sudah Koalisi Perubahan https://t.co/DYAkXYMAmC @PDemokrat @PKSejahtera @NasDem @DPP_PartaiUmmat @jokowi @puanmaharani_ri @PasukanAnies @aniesfor2024 @aniesbaswedan @Relawananies @SAHABATAnies1 @AgusYudhoyono @Edhie_Baskoro @cakimiNOW",teropongmetro,Surabaya
64,2023-03-02 09:07:28+00:00,"@kemkominfo @PlateJohnny , Menteri BUMN Erick Thohir, Menko Marves Luhut Panjaitan dan Ketua DPR RI Puan Maharani tampak hadir di gelaran F1 Powerboad Lake Toba, Indonesia. https://t.co/hqEoCSv7ab",Loujssa,
65,2023-03-02 08:51:02+00:00,@Fahrihamzah @PDI_Perjuangan @puanmaharani_ri kok bisaa orang ini jadi durno umat islam...hilang akal sehat a ...,AgusMul33787106,
66,2023-03-02 08:23:11+00:00,@puanmaharani_ri Si ratu matiin mik haha...,Alfarouqi4,
67,2023-03-02 08:22:51+00:00,"Beras naik....beras naik
@jokowi  @susipudjiastuti  @NenkMonica  @budimandjatmiko  @mohmahfudmd  @puanmaharani_ri  @ridwankamil  
@AgusYudhoyono  @humasjabar  
@airlangga_hrt",AgusRusyana86,"Kota Bandung, Jawa Barat"
68,2023-03-02 08:17:34+00:00,"https://t.co/H7fatQJR3A
Joged ibu ibu
@susipudjiastuti  @puanmaharani_ri  @riekediahp  @airlangga_hrt  @NenkMonica  @budimandjatmiko",AgusRusyana86,"Kota Bandung, Jawa Barat"
69,2023-03-02 07:54:40+00:00,"*Puan Minta Sertifikat Tanah Warga Akibat Gempa Diperlancar*

Ketua DPR RI Puan Maharani menyerahkan sertifikat tanah kepada warga Cianjur, Jawa Barat. Ia pun menegaskan komitmen DPR RI 

https://t.co/fxD4pM9ftr

#PDIPerjuangan
#PDIPerjuanganJabar
#SolidBergerak https://t.co/PxU62U7311",AhmadLauhil,"Bekasi, Jawa Barat"
70,2023-03-02 07:35:23+00:00,@aaabbbbb__ @/puanmaharani_ri,dolcelatte01_,Me Done
71,2023-03-02 07:22:57+00:00,"@NenkMonica @puanmaharani_ri Seharus dari awal mpo,kenapa baru sekarang ,lagu2an",ESupriatna20,
72,2023-03-02 07:21:30+00:00,"Coba cek, dari kabupaten/walkot/gubernur plat mobil dinas apa sdh bayar pajak atau blm. Minta APBD kenceng utk projek tapi bayar transportasi tdk ada itu pk @prastow 
Cc @jokowi @mohmahfudmd @erickthohir @sandiuno @puanmaharani_ri @bahlillahadalia  @ganjarpranowo @Fahrihamzah",Hendrikorachman,
73,2023-03-02 07:05:18+00:00,"Lembaga independen seperti @KPK_RI , @bpkri , @KPU_ID bisa mengggugat UU/kebijakan menteri dll ke @officialMKRI  dg memakai UU @KPK_RI baru
Cc @jokowi @mohmahfudmd @Fahrihamzah @nazaqistsha @febridiansyah @jansen_jsp @andre_rosiade @puanmaharani_ri @LaNyallaMM1 @RamliRizal",Hendrikorachman,
74,2023-03-02 06:34:47+00:00,"@jokowi 
@bambangsoesatyo 
@puanmaharani_ri 
@nadiemmakarim 
@setkabgoid https://t.co/Qk01YeAMDs",therick_leo6868,
75,2023-03-02 06:12:06+00:00,"JANGAN PURA-PURA BUTA HURUF MBAK! 
600 PRT Surati Ketua DPR RI, Mbak Puan Maharani, Minta Pengesahan RUU PPRT 

https://t.co/ZgvIUXEnJA 

Segera Sahkan RUU PPRT !

@DPR_RI @puanmaharani_ri @evndari @riekediahp @Dita_Sari_ @Rerie_Moerdijat @adityawilly @cumarachel @netty_heryawan",RichardWPS,"Deli Serdang, Sumatera Utara"
76,2023-03-02 06:10:19+00:00,"@BetaEpsilonPhi perut sama tapi no.urut 1 ngapain semahal itu makanannya..teladannya mana?
#reformasibirokrasi 
@KASN_RI @KPK_RI @KemenkeuRI @prastow @jokowi @mohmahfudmd @KemensetnegRI @pramonoanung @puanmaharani_ri @kempanrb @muhadjir_ef @PNS_Ababil",AikHoki,
77,2023-03-02 06:07:47+00:00,"Surat untuk Ketua @DPR_RI  @puanmaharani_ri  Mengapa RUU Perlindungan PRT tak juga disahkan 

 https://t.co/SIgFGBbZW1",inidataid_,Indonesia Capital Region
78,2023-03-02 06:01:31+00:00,"Ini namanya pecinta susu tampa pakai gelas namanya.jmn pk @jokowi semua kasus besar terbongkar suatu prestasi yg tdk dimiliki presiden sebelumnya
Cc @mohmahfudmd @ListyoSigitP @ST_Burhanuddin @KPK_RI @KejaksaanRI @puanmaharani_ri @prastow @DPR_RI @jansen_jsp @Fahrihamzah @KPU_ID",Hendrikorachman,
79,2023-03-02 05:44:01+00:00,@puanmaharani_ri Ga presiden ga anda bisanya mengerjakan tugas RT? 🤣🤣🤣 ntar ada suara2 sumbang dari warga kalau sertifikat nya cuma prank. https://t.co/ccjS7KfwZJ,PKI_PERJUANGAN_,"Negara Batin, Indonesia"
80,2023-03-02 05:42:55+00:00,"Napa monopoli/oligopoli swasta tdk boleh selain negara, tujuannya uang yg beredar bisa menjalankan roda perekonomian. Mau berapa byk org kaya hamburkan uang, paling maks 5% dari peredaran uang
Cc @jokowi @RamliRizal @mohmahfudmd @bahlillahadalia @prastow @puanmaharani_ri @KPK_RI",Hendrikorachman,
81,2023-03-02 05:23:50+00:00,"AYO AYO AMNESTI PAJAK LAGI LAH! BIAR SANTAI!
AMNESTI LAGI YOOH AYOOH
@prabowo @ganjarpranowo @aniesbaswedan @erickthohir @jokowi @Pak_JK @SBYudhoyono @AgusYudhoyono @puanmaharani_ri @PDI_Perjuangan @NasDem @Gerindra @PartaiPerindo",pokdarnasional,ling ling wey
82,2023-03-02 05:10:17+00:00,"@jokoanwar Pada rumput yg bergoyang.
Makanya..HUKUM urusan KORUPSI di Indonesia itu cuma basa basi..TELEKKKK !!!
@DPR_RI 
@PDI_Perjuangan 
@psi_id 
@basuki_btp 
@jokowi 
@puanmaharani_ri",Ine_Dwine,
83,2023-03-02 05:07:55+00:00,@Namaku_Ibrahim @puanmaharani_ri 😏😏,Musramidal67,
84,2023-03-02 05:06:52+00:00,@lovehateloveone Monggo mas -&gt; @puanmaharani_ri,dan_kenapa,Karawang
85,2023-03-02 04:57:23+00:00,"@Pugsemmulyano mrk tetap tdk merasakan TPP/Inseda dibayar telat bahkan ada yg hangus 4-6bulan/thn di PEMDA..
#baladaPNSPemda @KASN_RI @kemendagri @kempanrb @KemensetnegRI @KSPgoid @KPK_RI @jokowi @PNS_Ababil @puanmaharani_ri @prastow @bpkri @BPKPgoid",AikHoki,
86,2023-03-02 04:49:03+00:00,@puanmaharani_ri Puan layak jadi capres @PDI_Perjuangan,ubinhasnanto1,
87,2023-03-02 04:28:46+00:00,@puanmaharani_ri Masih banyak korban bencana Cianjur yg beum mendapat bantuan rumah dan masih tidur ditenda,dewi_korawati,Indonesia tangerang selatan
88,2023-03-02 04:26:33+00:00,"Rumah bantuan untuk korban gempa Cianjur tidak bisa diperjual belikan. Hal ini ditegaskan oleh Ketua DPR RI, Puan Maharani saat mendatangi warga Kampung Kerta, Desa Mangunkerta, Kecamatan Cugenang
https://t.co/9KfCeNTs7P",cianjurekspres,"Cianjur, Indonesia"
89,2023-03-02 04:19:07+00:00,"mantabs mbk @puanmaharani_ri  
tipelogi pemimpin spt anda yg baik.. dan diharapkan masy.. bukan pencitraan main tiktok @ganjarpranowo  @Miduk17",apr76499232,Jakarta
90,2023-03-02 04:09:28+00:00,"@Emu7715 @Miduk17 @puanmaharani_ri Ooh siape die .. cuman satu dari milyaran netizens, ade ngaruhnye?",hayanaqu,
91,2023-03-02 03:48:52+00:00,@puanmaharani_ri yg posting dia yg komen juga dia yg kasih tanggapan juga dia &amp; yg menyimpulkan juga dia 🤣🤣🤣🤣🤣 LAWAKAN KONOHA,mulyadan2020,
92,2023-03-02 03:30:44+00:00,"Ketua DPR RI Puan Maharani:Dalam Pengurusan Sertifikat Tanah Jangan Ada Pungli!
https://t.co/M3E2i5tDef",tengkumafnil,Indonesia
93,2023-03-02 02:58:47+00:00,"@iyhmdwfery @RajaJuliAntoni @TjahjantoHadi @puanmaharani_ri Zona apa pak sawahya? Hijau, kuning, merah?",satria_preda,
94,2023-03-02 02:58:01+00:00,"@RajaJuliAntoni @TjahjantoHadi @puanmaharani_ri Program ini keknya dr jaman 2012 udah ada. Mulai dr larasita, prona, ptsl.  Prosesnya sm, syarat sm. Cm dl kl udah jd ya tgl serahin k pemegang hak milik. Bs ambil d bpn dgn nunjukin BP ato di kelurahan. Kl skr modelan ky gini biar apa?",satria_preda,
95,2023-03-02 02:55:16+00:00,"JANGAN PURA-PURA BUTA HURUF MBAK..! 600 PRT Surati Ketua DPR RI, Mbak Puan Maharani, Minta Pengesahan RUU PPRT https://t.co/CMvRwI9OR6",bergeloralah,
96,2023-03-02 02:51:46+00:00,"@ganjarpranowo @jokowi @Kiyai_MarufAmin @GRMS_JATENG @puanmaharani_ri @PDI_Perjuangan @TajYasinMZ 
Smoga di respons aminn 🤲🤲🤲🤲🤲",Galih12132049,"Jakarta Selatan, DKI Jakarta"
97,2023-03-02 02:45:13+00:00,@RajaJuliAntoni @TjahjantoHadi @puanmaharani_ri Collab mantap,veradeviani_,
98,2023-03-02 02:45:06+00:00,"@kurawa @Gawink159160 Sedih Klo lihat mental pejabat kaya gini…😩😩
Woi @DPR_RI , @puanmaharani_ri 
Segera sah kan UU perampasan harta pejabat yg gak jelas!!!",aunb132,Perantauan abadi
99,2023-03-02 02:45:00+00:00,@RajaJuliAntoni @TjahjantoHadi @puanmaharani_ri Mantap,GerardusNeno,
100,2023-03-02 02:44:50+00:00,@RajaJuliAntoni @TjahjantoHadi @puanmaharani_ri 😂👍👍,pengen6packs,
101,2023-03-02 02:44:29+00:00,@RajaJuliAntoni @TjahjantoHadi @puanmaharani_ri Semangat terus Pak,nalarngalir,
102,2023-03-02 02:44:16+00:00,@RajaJuliAntoni @TjahjantoHadi @puanmaharani_ri Hari ini pindah tempat lagi nih,mississleepy,
103,2023-03-02 02:43:56+00:00,@RajaJuliAntoni @TjahjantoHadi @puanmaharani_ri Mantap gaspol 300,jomuryadi,
104,2023-03-02 02:43:41+00:00,@RajaJuliAntoni @TjahjantoHadi @puanmaharani_ri Ditemenin ya Pak bagi-bagi sertifikatnya,sassyyosie,
105,2023-03-02 02:43:15+00:00,@RajaJuliAntoni @TjahjantoHadi @puanmaharani_ri Bu Puan tumben amaaat,welbawelwel,
106,2023-03-02 02:42:59+00:00,@RajaJuliAntoni @TjahjantoHadi @puanmaharani_ri Cie ditemenin bu Puan,muterjauh,
107,2023-03-02 02:42:30+00:00,@RajaJuliAntoni @TjahjantoHadi @puanmaharani_ri Gagah bener,wajibkomen,
108,2023-03-02 02:29:18+00:00,@puanmaharani_ri Semangat mbak,Kasmolanst,
109,2023-03-02 02:26:32+00:00,"@puanmaharani_ri Sbg Ketua DPR RI, ini gimana...??? 
Apa faktor keselamatan waktu berangkat ke sekolah udah di fikirkan... Kan kasihan klo yg jauh trus gak punya motor untuk ke sekolahan terutama buat yg siswi
Beda lho ini sekolah bukan pesantren... 
Klo pesantren kan tinggal di dalam sekolah https://t.co/LdH2pk4LD9",julmekel,
110,2023-03-02 02:13:50+00:00,"@SandjojoS @ganjarpranowo @puanmaharani_ri @PDI_Perjuangan Kalau GABENER dipasangkan KIP,
kayaknya yg jadi wakilnya si UBAN si RK.
KIP ambil suara dari jatim, RK buat ambil suara dari jabar",4rchang3l,"Jakarta Capital Region, Indone"
111,2023-03-02 02:01:36+00:00,@RajaJuliAntoni @TjahjantoHadi @puanmaharani_ri Kok bisa tiba-tiba bareng Pak?,ucupoji,
112,2023-03-02 02:01:19+00:00,@RajaJuliAntoni @TjahjantoHadi @puanmaharani_ri Lanjuuut,mr_frengkiJ,
113,2023-03-02 02:01:09+00:00,@RajaJuliAntoni @TjahjantoHadi @puanmaharani_ri Salam hormat untuk Bu Puan,gunrifai,
114,2023-03-02 02:00:55+00:00,@RajaJuliAntoni @TjahjantoHadi @puanmaharani_ri Mirip banget Bu Mega 😂🙏,introovt,
115,2023-03-02 02:00:38+00:00,@RajaJuliAntoni @TjahjantoHadi @puanmaharani_ri Tumben.. hehehe,dagupenyu,
116,2023-03-02 02:00:24+00:00,@RajaJuliAntoni @TjahjantoHadi @puanmaharani_ri Gimana Pak tandeman sama Bu Puan?,satriakos,Bandung
117,2023-03-02 02:00:10+00:00,@RajaJuliAntoni @TjahjantoHadi @puanmaharani_ri Tumben bareng beliau?,HendrikusLawo,
118,2023-03-02 02:00:00+00:00,@RajaJuliAntoni @TjahjantoHadi @puanmaharani_ri Kolaborasi yang mantap 👍,BangKibo20,
119,2023-03-02 01:59:42+00:00,@RajaJuliAntoni @TjahjantoHadi @puanmaharani_ri Eh ada Bu Puan,luluivanka1,
120,2023-03-02 01:59:34+00:00,@RajaJuliAntoni @TjahjantoHadi @puanmaharani_ri Lanjut Pak,artinyabulan,
121,2023-03-02 01:53:16+00:00,@firmaansyah_ari @puanmaharani_ri Alhamdulillah makasi ya Bu atas rumah nya,acikcika6,Indonesia
122,2023-03-02 01:52:47+00:00,@fadilahmaad67 @muhammadd_deni @puanmaharani_ri Doa yang terbaik untuk Ibu,acikcika6,Indonesia
123,2023-03-02 01:52:20+00:00,@BellaB6225355 @muhammadd_deni @puanmaharani_ri Pastinya selalu ada dihati kami semua,acikcika6,Indonesia
124,2023-03-02 01:51:52+00:00,@KynanPutri4 @muhammadd_deni @puanmaharani_ri Semangat terus ya Bu,acikcika6,Indonesia
125,2023-03-02 01:51:24+00:00,@AfifahKirana2 @muhammadd_deni @puanmaharani_ri Is the best la Bu Puan,acikcika6,Indonesia
126,2023-03-02 01:50:57+00:00,"@txtdrberseragam @jokowi @puanmaharani_ri @ListyoSigitP ditakutkan kedepannya remaja dibawah umur berpikiran bahwa tidak akan ada sanksi hukum yang membuat jera maka mereka akan menjadi makin semena mena, jangan sampai nambah korban lagi baru bergerak bapak/ibu mohon ditindaklanjuti",kambingmenn,
127,2023-03-02 01:50:53+00:00,@luluksaru251 @muhammadd_deni @puanmaharani_ri Aamiin presiden RI 2024 Bu Puan maharani,acikcika6,Indonesia
128,2023-03-02 01:49:46+00:00,"@txtdrberseragam izin bapak/ibu, sudah banyak kasus anak dibawah umur menjadi jadi, apa tidak mau merevisi UU Kekerasan Anak Dibawah Umur? selain kasus ini baru saja ada kasus pembacokan di Bandung yg dilakukan anak dibawah umur juga, @jokowi @puanmaharani_ri  @ListyoSigitP",kambingmenn,
129,2023-03-02 01:48:37+00:00,"Pengamanan Kunjungan Ketua DPR RI, Dr. Puan Maharani Nakshatra Kusyala Devi, S.Sos dalam acara penyerahan simbolis dan pembagian bantuan makanan pengganti air susu untuk masyarakat yang terdampak gempa bumi di Bumi Sirnagalih Damai, Cianjur
@H_HermanCianjur 
@ditpolpp_linmas https://t.co/lBMmpr4C3V",Polpp_damkarcjr," Jl. Siliwangi No.40, Pamoyana"
130,2023-03-02 01:48:33+00:00,@AdnanAgam1 @muhammadd_deni @puanmaharani_ri Semangat untuk memberi dukungan pada Ibu Puan,acikcika6,Indonesia
131,2023-03-02 01:47:31+00:00,@muhammadd_deni @puanmaharani_ri Ibu Puan selalu dihati kami,acikcika6,Indonesia
132,2023-03-02 01:47:02+00:00,@puanmaharani_ri Luar biasa hati Ibu @puanmaharani_ri  begitu mulia sekali terhadap sesama,acikcika6,Indonesia
133,2023-03-02 01:31:40+00:00,@Ernasusi13 @puanmaharani_ri Semoga lancar sesuai harapan,qaidu3,
134,2023-03-02 01:30:49+00:00,@luluksaru251 @puanmaharani_ri Tanpa pencitraan,qaidu3,
135,2023-03-02 01:30:20+00:00,@KynanPutri4 @puanmaharani_ri Empat jempol untuk Bu Puan,qaidu3,
136,2023-03-02 01:28:21+00:00,@AfifahKirana2 @puanmaharani_ri Terpancar raut wajah penuh bahagia pastinya,qaidu3,
137,2023-03-02 01:25:55+00:00,@puanmaharani_ri alhamdulillah engk ditanda lagi ya pak @puanmaharani_ri,PertamaPpratama,
138,2023-03-02 01:25:39+00:00,@muhammadd_deni @puanmaharani_ri I love you Bu Puan,qaidu3,
139,2023-03-02 01:25:16+00:00,@puanmaharani_ri sudah menjadi harapan warga cianjur @puanmaharani_ri,PertamaPpratama,
140,2023-03-02 01:24:32+00:00,@puanmaharani_ri alhamdulillha Ada 500 penerima bantuan hunian,PertamaPpratama,
141,2023-03-02 01:23:24+00:00,@mariookam395 @puanmaharani_ri Siap pilih mbak Puan 2024   @puanmaharani_ri,RitasariiSari,
142,2023-03-02 01:22:51+00:00,@dea29808 @puanmaharani_ri kita berdoa Mbak Puan semakin maju dan semakin dicintai rakyat indonesia....,RitasariiSari,
143,2023-03-02 01:22:23+00:00,@AdnanAgam1 @puanmaharani_ri Bismillah semangat 🔥 @puanmaharani_ri,RitasariiSari,
144,2023-03-02 01:21:49+00:00,@kangsil2012 @puanmaharani_ri @puanmaharani barokallah @puanmaharani_ri,RitasariiSari,
145,2023-03-02 01:21:22+00:00,@dita16577 @puanmaharani_ri Mbak Puan for president 2024 @puanmaharani_ri,RitasariiSari,
146,2023-03-02 01:20:23+00:00,@AfifahKirana2 @puanmaharani_ri rumah siap dan layak huni @puanmaharani_ri,RitasariiSari,
147,2023-03-02 01:20:11+00:00,Ingatkan Pemerintah! Ketua DPR: Jangan Ada Pungli Dalam Pengurusan Sertifikat Tanah @puanmaharani_ri @DPR_RI https://t.co/D84AFMSMiO,rmbantencom,Indonesia
148,2023-03-02 01:19:59+00:00,@muhammadd_deni @puanmaharani_ri Bismillah... Gasspolll Mbak Puan 🔥🔥🔥 @puanmaharani_ri,RitasariiSari,
149,2023-03-02 01:19:39+00:00,@qaidu3 @puanmaharani_ri berbagi itu wajib bagi sesama berbangsa dan bernegara  @puanmaharani_ri,RitasariiSari,
150,2023-03-02 01:18:35+00:00,@hambarokp @puanmaharani_ri Mbak Puan 😍😍😍  @puanmaharani_ri,RitasariiSari,
151,2023-03-02 01:18:14+00:00,@firmaansyah_ari @puanmaharani_ri selamat Pak Ujang dan warga cianjur @puanmaharani_ri,RitasariiSari,
152,2023-03-02 01:17:35+00:00,@Ernasusi13 @puanmaharani_ri kebahagian yang tak terbendung lagi @puanmaharani_ri,RitasariiSari,
153,2023-03-02 01:17:22+00:00,@luluksaru251 @puanmaharani_ri Iya semoga saja,qaidu3,
154,2023-03-02 01:17:10+00:00,@azkaayulutfiah @puanmaharani_ri sehat jasmani dan rohani @puanmaharani_ri,RitasariiSari,
155,2023-03-02 01:16:47+00:00,@artisindo8 @puanmaharani_ri menjadi ladang pahala bagi mbak @puanmaharani_ri  ya,RitasariiSari,
156,2023-03-02 01:16:26+00:00,@Alfians090 @puanmaharani_ri Salut sama Ibu Puan berjiwa kepedulian terhadap sesama,qaidu3,
157,2023-03-02 01:15:30+00:00,@PertamaPpratama @puanmaharani_ri Amiinn ya rabbal alamin...@puanmaharani_ri,RitasariiSari,
158,2023-03-02 01:15:01+00:00,@DedigDedigt @puanmaharani_ri MasyAllah  @puanmaharani_ri,RitasariiSari,
159,2023-03-02 01:14:42+00:00,@ayukhanny @puanmaharani_ri yok bisa yok 2024 Mbak Puan🔥🔥🔥 @puanmaharani_ri,RitasariiSari,
160,2023-03-02 01:14:27+00:00,"@AsgarMerah @puanmaharani_ri ""perlipur lara"" harus semangat lagi ya mbak @puanmaharani_ri",RitasariiSari,
161,2023-03-02 01:13:13+00:00,@puanmaharani_ri Semoga membawa berkah. 😊🙏🏼,RitasariiSari,
162,2023-03-02 01:12:40+00:00,@puanmaharani_ri menjadi harpan warga cianjur mbak @puanmaharani_ri,RitasariiSari,
163,2023-03-02 01:11:57+00:00,@puanmaharani_ri semangat ya Pak Ujang. di mulai dari 0 lagi kehidupan nya @puanmaharani_ri,RitasariiSari,
164,2023-03-02 01:11:28+00:00,"@sutan_bisma @DimasWi28217776 @puanmaharani_ri Mau daftar juga, gimana caranya?",lokithedinosaur,
165,2023-03-02 01:10:31+00:00,"@Alfians090 @puanmaharani_ri putri terbaik bangsa, mbak @puanmaharani_ri",DedigDedigt,bandung
166,2023-03-02 01:09:54+00:00,"@qaidu3 @puanmaharani_ri rezeki nya mbak puan saya yakin engak akan pernah putus-putus, terus mengalir",DedigDedigt,bandung
167,2023-03-02 01:08:33+00:00,@luluksaru251 @puanmaharani_ri semoga dapat rumah yang layak di huni @puanmaharani_ri,DedigDedigt,bandung
168,2023-03-02 01:07:33+00:00,@dita16577 @puanmaharani_ri merakyat banget mbak puan nya  @puanmaharani_ri,DedigDedigt,bandung
169,2023-03-02 01:06:43+00:00,@AfifahKirana2 @puanmaharani_ri Senang nya mungkin tidak bisa diungkapkan dengan kata-kata,qaidu3,
170,2023-03-02 01:06:33+00:00,@Ernasusi13 @puanmaharani_ri kebahagiaan yang tidak dapat di ungkapkan dengan kata-kata,DedigDedigt,bandung
171,2023-03-02 01:05:51+00:00,@Veronikaaja01 @puanmaharani_ri Semoga Ibu selalu diberikan umur yang panjang,qaidu3,
172,2023-03-02 01:05:46+00:00,@hambarokp @puanmaharani_ri bahagi banget pasti nya @puanmaharani_ri,DedigDedigt,bandung
173,2023-03-02 01:05:18+00:00,@muhammadd_deni @puanmaharani_ri Bismillah 2024🙌🙌@puanmaharani_ri,DedigDedigt,bandung
174,2023-03-02 01:05:06+00:00,@AdnanAgam1 @dea29808 @puanmaharani_ri Selalu ada kejutan dari Bu Puan untuk rakyat,qaidu3,
175,2023-03-02 01:04:58+00:00,"@artisindo8 @puanmaharani_ri amalnya terus mengalir,  amin....@puanmaharani_ri",DedigDedigt,bandung
176,2023-03-02 01:04:29+00:00,@AurelTritania @puanmaharani_ri sukses dan terima kasih buat mbak puan @puanmaharani_ri,DedigDedigt,bandung
177,2023-03-02 01:04:25+00:00,@dea29808 @puanmaharani_ri Semoga Allah membalas kebaikan Ibu Puan,qaidu3,
178,2023-03-02 01:03:45+00:00,@RitasariiSari @puanmaharani_ri Bismillah... Gasspolll Mbak Puan 🔥🔥🔥 @puanmaharani_ri,DedigDedigt,bandung
179,2023-03-02 01:03:34+00:00,@Veronikaaja01 @puanmaharani_ri Tentunya bangga banget sama sosok Ibu Puan yang berhati mulia,qaidu3,
180,2023-03-02 01:03:17+00:00,@PertamaPpratama @puanmaharani_ri mbak puan orang baik @puanmaharani_ri,DedigDedigt,bandung
181,2023-03-02 01:02:55+00:00,@ayukhanny @puanmaharani_ri aamiin yaa Robbal alamin...@puanmaharani_ri,DedigDedigt,bandung
182,2023-03-02 01:02:36+00:00,@azkaayulutfiah @puanmaharani_ri sehat untuk kita semua nya @puanmaharani_ri,DedigDedigt,bandung
183,2023-03-02 01:02:09+00:00,"@AsgarMerah @puanmaharani_ri Alhamdulillah ya, terima kasih mbak puan @puanmaharani_ri",DedigDedigt,bandung
184,2023-03-02 01:01:39+00:00,@DedigDedigt @puanmaharani_ri Semakin cinta sama Bu Puan,qaidu3,
185,2023-03-02 01:01:23+00:00,@puanmaharani_ri Selamat untuk rumah barunya @puanmaharani_ri,DedigDedigt,bandung
186,2023-03-02 01:01:02+00:00,@puanmaharani_ri senang nya mbak puan berkata seperti itu @puanmaharani_ri,DedigDedigt,bandung
187,2023-03-02 01:00:52+00:00,@mariookam395 @puanmaharani_ri Semoga selalu diberikan rezeki yang berlimpah,qaidu3,
188,2023-03-02 01:00:27+00:00,@puanmaharani_ri ❤️❤️❤️ Mbak Puan @puanmaharani_ri,DedigDedigt,bandung
189,2023-03-02 01:00:17+00:00,@AdnanAgam1 @puanmaharani_ri The best Bu Puan pokoknya,qaidu3,
190,2023-03-02 00:59:29+00:00,@KynanPutri4 @puanmaharani_ri Sangat bersyukur sekali pastinya,qaidu3,
191,2023-03-02 00:58:23+00:00,@ayukhanny @puanmaharani_ri Mbak Puan Maharani Presiden🔥🔥🔥,artisindo8,
192,2023-03-02 00:58:15+00:00,@AurelTritania @puanmaharani_ri kita berdoa Mbak Puan semakin maju dan semakin dicintai rakyat indonesia....,artisindo8,
193,2023-03-02 00:58:02+00:00,"@PertamaPpratama @puanmaharani_ri majukan Indonesia ku , tunjukan pada DUNIA !!",artisindo8,
194,2023-03-02 00:57:51+00:00,@firmaansyah_ari @puanmaharani_ri Bismillah semangat 🔥,artisindo8,
195,2023-03-02 00:57:42+00:00,@DedigDedigt @puanmaharani_ri Bismilah MasyAllah president 2024👍👍💪💪,artisindo8,
196,2023-03-02 00:57:34+00:00,@azkaayulutfiah @puanmaharani_ri Mbak Puan Maharani 2024,artisindo8,
197,2023-03-02 00:57:25+00:00,@muhammadd_deni @puanmaharani_ri Mbak Puan insya Allah bakal menang untuk Indonesia lebih baik dan Sejahterah...,artisindo8,
198,2023-03-02 00:57:15+00:00,@puanmaharani_ri pastikan tidak ada ruang untuk oknum yang mau memeras rakyat💪🏼💪🏼💪🏼,artisindo8,
199,2023-03-02 00:56:55+00:00,@puanmaharani_ri sertifikatnya harus digunakan sebaik-baiknya,artisindo8,
200,2023-03-02 00:56:41+00:00,@puanmaharani_ri ikut merasakan kebahagiaan pastinya buat warga cianjur,artisindo8,
201,2023-03-02 00:56:07+00:00,@DedigDedigt @puanmaharani_ri barokallah,AurelTritania,
202,2023-03-02 00:55:57+00:00,@ayukhanny @puanmaharani_ri Insyaallah Allah Mbak Puan RI 1 2024,AurelTritania,
203,2023-03-02 00:55:47+00:00,@muhammadd_deni @puanmaharani_ri Mbak Puan for president 2024,AurelTritania,
204,2023-03-02 00:55:39+00:00,@artisindo8 @puanmaharani_ri 🔥🔥🔥 ayo Mbak Puan maju terus...,AurelTritania,
205,2023-03-02 00:55:29+00:00,@PertamaPpratama @puanmaharani_ri Klo saya siih yess,AurelTritania,
206,2023-03-02 00:55:21+00:00,@RitasariiSari @puanmaharani_ri Siap pilih mbak Puan 2024,AurelTritania,
207,2023-03-02 00:55:12+00:00,@azkaayulutfiah @puanmaharani_ri bismillah mbak Puan presiden ke 2024,AurelTritania,
208,2023-03-02 00:54:59+00:00,@puanmaharani_ri pelayanan kepada masyarakat adalah yang paling di utamakan,AurelTritania,
209,2023-03-02 00:54:30+00:00,@puanmaharani_ri di jaga sertifikat nya,AurelTritania,
210,2023-03-02 00:54:16+00:00,@puanmaharani_ri Bahagia yang sangat menyenangkan,AurelTritania,
211,2023-03-02 00:53:40+00:00,@AurelTritania @puanmaharani_ri Lanjutkan untuk Indonesia,azkaayulutfiah,
212,2023-03-02 00:53:31+00:00,@firmaansyah_ari @puanmaharani_ri yok bisa yok 2024 Mbak Puan🔥🔥🔥,azkaayulutfiah,
213,2023-03-02 00:53:21+00:00,@muhammadd_deni @puanmaharani_ri Bismillah 2024🙌🙌,azkaayulutfiah,
214,2023-03-02 00:53:11+00:00,@ayukhanny @puanmaharani_ri Mbak Puan akan kupilih nnti pastinya 🔥😍🙌,azkaayulutfiah,
215,2023-03-02 00:53:03+00:00,@artisindo8 @puanmaharani_ri Mantab🔥,azkaayulutfiah,
216,2023-03-02 00:52:54+00:00,@RitasariiSari @puanmaharani_ri Bismillah... Gasspolll Mbak Puan 🔥🔥🔥,azkaayulutfiah,
217,2023-03-02 00:52:40+00:00,@PertamaPpratama @puanmaharani_ri siap mendukung Mba Puan for presiden 2024,azkaayulutfiah,
218,2023-03-02 00:52:28+00:00,@puanmaharani_ri tooop markotooop pokok e,azkaayulutfiah,
219,2023-03-02 00:52:09+00:00,@puanmaharani_ri mantab kerja sangat memuaskan bagi masyarakat cianjur,azkaayulutfiah,
220,2023-03-02 00:51:32+00:00,@puanmaharani_ri 😊😊😊,azkaayulutfiah,
221,2023-03-02 00:51:02+00:00,@DedigDedigt @puanmaharani_ri Semoga Mba Puan sukses selalu,muhammadd_deni,bandung
222,2023-03-02 00:50:43+00:00,@AurelTritania @puanmaharani_ri Mantap luar biasa ya Mba Puan,muhammadd_deni,bandung
223,2023-03-02 00:50:27+00:00,@RitasariiSari @puanmaharani_ri Ya Allah berikan selalu Kesehatan kepada Mbak Puan PRESIDEN ku .. 🙏🙏🙏👍👍👍,muhammadd_deni,bandung
224,2023-03-02 00:50:14+00:00,@ayukhanny @puanmaharani_ri Mantap Mbak Puan sukses selalu 👍👍👍,muhammadd_deni,bandung
225,2023-03-02 00:50:03+00:00,@artisindo8 @puanmaharani_ri Kawal teruss sampai Jadi RI 1🔥🔥🔥🔥. AMIN,muhammadd_deni,bandung
226,2023-03-02 00:49:50+00:00,@PertamaPpratama @puanmaharani_ri sukses selalu PRESIDEN ku ..,muhammadd_deni,bandung
227,2023-03-02 00:49:37+00:00,@azkaayulutfiah @puanmaharani_ri Semoga Allah SWT selalu berikan Kesehatan buat Mbak Puan,muhammadd_deni,bandung
228,2023-03-02 00:49:08+00:00,@puanmaharani_ri pelayanann publik nomor 1 harus bersih,muhammadd_deni,bandung
229,2023-03-02 00:48:55+00:00,@luluksaru251 @puanmaharani_ri Selalu jadi inspirasi,qaidu3,
230,2023-03-02 00:48:42+00:00,@puanmaharani_ri bukti kepemilikan tanah sangat penting bagi anak cucu kita,muhammadd_deni,bandung
231,2023-03-02 00:48:26+00:00,@hambarokp @puanmaharani_ri Pastinya bahagia mereka yang sudah menerima kunci rumah,qaidu3,
232,2023-03-02 00:48:16+00:00,@puanmaharani_ri alhamdulillah ikut senang juga saya mbak puan,muhammadd_deni,bandung
233,2023-03-02 00:45:25+00:00,@NenkMonica @puanmaharani_ri Semua akan...akan...akan...akan mangkrak...🤣🤣🤣,ical776,
234,2023-03-02 00:43:22+00:00,"@KomnasPerempuan 
@KemensetnegRI 
@jalaprt 
@puanmaharani_ri 

#SahkanRUUPPRT

https://t.co/kixlUtrRgi",Daradatu1,
235,2023-03-02 00:33:43+00:00,@firmaansyah_ari @puanmaharani_ri Gass poll mbak Puan.. jangan kasi kendor...,ayukhanny,
236,2023-03-02 00:33:28+00:00,"@RitasariiSari @puanmaharani_ri The Next RI 1 Mbak Puan sukses, amin...",ayukhanny,
237,2023-03-02 00:33:10+00:00,@artisindo8 @puanmaharani_ri Is the best mbak Puan,ayukhanny,
238,2023-03-02 00:33:01+00:00,@muhammadd_deni @puanmaharani_ri My president for 2024,ayukhanny,
239,2023-03-02 00:32:48+00:00,@AurelTritania @puanmaharani_ri Gas trus mbak Puan Mantap,ayukhanny,
240,2023-03-02 00:32:38+00:00,@PertamaPpratama @puanmaharani_ri sukses ya Mbak Puan..🔥🔥🔥❤️❤️,ayukhanny,
241,2023-03-02 00:32:23+00:00,@azkaayulutfiah @puanmaharani_ri presiden masa depan ❤️❤️ 2024,ayukhanny,
242,2023-03-02 00:32:06+00:00,@puanmaharani_ri terus di tingkatkan pelayanan dalam masyarakat,ayukhanny,
243,2023-03-02 00:31:42+00:00,@puanmaharani_ri betapa penting nya sertifikat bagi warga cianjur,ayukhanny,
244,2023-03-02 00:31:39+00:00,"Sama halnya seperti pendukung pak @aniesbaswedan , pak @ganjarpranowo dan mbak @puanmaharani_ri yang juga punya keyakinan, maka biarkanlah masyarakat memilih melalui harapan dan keyakinan mereka untuk perubahan Indonesia menjadi lebih baik tanpa saling hujat!🙏🙏🙏",yus13rizal,
245,2023-03-02 00:31:17+00:00,@puanmaharani_ri senang nya dalam hati,ayukhanny,
246,2023-03-02 00:30:36+00:00,@firmaansyah_ari @puanmaharani_ri Pemimpin ideal. Kawal trus sampai di lantik jdi presiden,PertamaPpratama,
247,2023-03-02 00:30:23+00:00,@RitasariiSari @puanmaharani_ri Pemimpin idaman😍 sehat2 Mbak Puan,PertamaPpratama,
248,2023-03-02 00:30:09+00:00,@artisindo8 @puanmaharani_ri Kawal terus buat Mbak Puan,PertamaPpratama,
249,2023-03-02 00:29:55+00:00,@ayukhanny @puanmaharani_ri Cocok buat memipin indonesia,PertamaPpratama,
250,2023-03-02 00:29:38+00:00,@AurelTritania @puanmaharani_ri TOP Mba Puan Mantap,PertamaPpratama,
251,2023-03-02 00:29:17+00:00,@muhammadd_deni @puanmaharani_ri mbak puan Terbukti dan Teruji tanpa butuh pencitraan belaka,PertamaPpratama,
252,2023-03-02 00:27:37+00:00,@azkaayulutfiah @puanmaharani_ri We love U,PertamaPpratama,
253,2023-03-02 00:27:15+00:00,@puanmaharani_ri Pelayanan pemerintah harus selalu memudahkan masyarakat. 👍🏼👍🏼👍🏼,PertamaPpratama,
254,2023-03-02 00:26:48+00:00,@puanmaharani_ri alhamdulillah,PertamaPpratama,
255,2023-03-02 00:26:13+00:00,@puanmaharani_ri Salam Membangun selalu,PertamaPpratama,
256,2023-03-02 00:23:48+00:00,@puanmaharani_ri @AbdulSoleh_H #BMI  #PuanMaharani @puanmaharani_ri #ketua_dprri,kangsil2012,
257,2023-03-02 00:22:30+00:00,@puanmaharani_ri @puanmaharani menyerahkan secara simbolis kunci rumah korban bencana cianjur. Moga berkah.,kangsil2012,
258,2023-03-02 00:16:01+00:00,@firmaansyah_ari @puanmaharani_ri Mantap Mba Puan 👍👍 mah,RitasariiSari,
259,2023-03-02 00:15:43+00:00,@AurelTritania @puanmaharani_ri Mba Puan emang ok ya,RitasariiSari,
260,2023-03-02 00:15:24+00:00,@artisindo8 @puanmaharani_ri Bravo Mba Puan,RitasariiSari,
261,2023-03-02 00:14:54+00:00,@ayukhanny @puanmaharani_ri Merakyat❤️❤️❤️,RitasariiSari,
262,2023-03-02 00:13:49+00:00,@azkaayulutfiah @puanmaharani_ri Apapun yg terjadi Mba Puan RI 1 harga mati...amiin..,RitasariiSari,
263,2023-03-02 00:12:46+00:00,@PertamaPpratama @puanmaharani_ri Maju ke R1 kami sekeluarga akan mendukung,RitasariiSari,
264,2023-03-02 00:11:12+00:00,"@muhammadd_deni @puanmaharani_ri Tetap konsisten...🙏semoga beliau RI 1,, insyaallah...",RitasariiSari,
265,2023-03-02 00:10:55+00:00,@puanmaharani_ri tindak tegas pasti nya,RitasariiSari,
266,2023-03-02 00:10:21+00:00,@puanmaharani_ri biar berguna buat anak cucu kita,RitasariiSari,
267,2023-03-02 00:09:33+00:00,@puanmaharani_ri seharus nya emang kaya gitu,RitasariiSari,
268,2023-03-02 00:09:14+00:00,@dea29808 @puanmaharani_ri Berhati mulia sekali Ibu Puan,qaidu3,
269,2023-03-02 00:08:43+00:00,@hambarokp @puanmaharani_ri Iya semoga cepat selesai biar warga Cianjur bisa menempati rumah itu semua,qaidu3,
270,2023-03-02 00:08:41+00:00,"@aspemojkt @puanmaharani_ri @Miduk17 @spiritcarrie5on Si @Miduk17 sepi job. Modal ss, sm masuk media 9th tier kali ye. Wkwkw",_BimbingCBN,
271,2023-03-02 00:08:18+00:00,"@puanmaharani_ri Bu @puanmaharani_ri  ijin bertanya saya bnyak dengar dari warga didekat rumah jatanya msu ikut program sertipikat gratis, tpi ketika bertanya ke perangkat desa srlalu dijawab belum ada jadwal, klo bleh tahu dimna kita tahu jadwal program sertipikat di desa mana?",SinegerA,
272,2023-03-02 00:07:51+00:00,@RitasariiSari @puanmaharani_ri Calon pemimpin nomor satu😇🥰🙏,firmaansyah_ari,
273,2023-03-02 00:07:30+00:00,@artisindo8 @puanmaharani_ri Mantap Lanjut Mba Puan 👍,firmaansyah_ari,
274,2023-03-02 00:07:16+00:00,@ayukhanny @puanmaharani_ri Calon presiden 2024 mantaaaap,firmaansyah_ari,
275,2023-03-02 00:06:58+00:00,@AurelTritania @puanmaharani_ri ❤️❤️❤️ mbak Puan,firmaansyah_ari,
276,2023-03-02 00:06:14+00:00,"@AsgarMerah @puanmaharani_ri Alhamdulillah, sht sukses sll Mbak Puan",firmaansyah_ari,
277,2023-03-02 00:06:00+00:00,@puanmaharani_ri pelayanan itu nomor 1,firmaansyah_ari,
278,2023-03-02 00:05:32+00:00,@puanmaharani_ri di simpan di tempat kan di tempat yang baik,firmaansyah_ari,
279,2023-03-02 00:04:51+00:00,"@puanmaharani_ri ikut senang juga saya mbak puan, mantab",firmaansyah_ari,
280,2023-03-02 00:04:18+00:00,@artisindo8 @puanmaharani_ri Aminnn,DedigDedigt,bandung
281,2023-03-02 00:04:00+00:00,@RitasariiSari @puanmaharani_ri bkl clon presiden RI thn 2024 mbak Puan Maharani ❤️❤️,DedigDedigt,bandung
282,2023-03-02 00:03:43+00:00,@AsgarMerah @puanmaharani_ri Kawal terus mbak puan sampe RI 1,DedigDedigt,bandung
283,2023-03-02 00:03:35+00:00,"@puanmaharani_ri Sungguh sangat bermanfaat bu pembagian sertipikat disaat bmyak sekali kejadian penyerobotan tanah, semoga bermanfaay",SinegerA,
284,2023-03-02 00:03:31+00:00,"@luluksaru251 @puanmaharani_ri Andai pilpres dan pemilu terpisah saya yakin mba Puan kecil harapan jadi penerus soekarno-hatta, tapi ketika pilpres digabung apalagi pj gubernur ditunjuk istana apalagi kalau sampai wakilnya pak Menkopulhukam. Maka tidak mustahil bagi mba @puanmaharani_ri  dan pak menko.",Mansyuralkanuni,
285,2023-03-02 00:03:24+00:00,@ayukhanny @puanmaharani_ri CAPRES TAHUN 2024 Mbak Puan Maharani ❤️❤️❤️,DedigDedigt,bandung
286,2023-03-02 00:03:13+00:00,@PertamaPpratama @puanmaharani_ri Bismillah..Presiden RI 2024. Amiinn ya rabbal alamin..,DedigDedigt,bandung
287,2023-03-02 00:02:56+00:00,"@AurelTritania @puanmaharani_ri di daerah saya kapan ya, sertifikat cuman bayar 150 ribu",DedigDedigt,bandung
288,2023-03-02 00:02:21+00:00,@azkaayulutfiah @puanmaharani_ri do'a terbaik buat mbak puan,DedigDedigt,bandung
289,2023-03-02 00:02:11+00:00,"@mariookam395 @puanmaharani_ri Siap kawal dan suport mbak puan sampe menuju RI 1 di 2024,,@puanmaharani_ri",luluksaru251,
290,2023-03-02 00:02:04+00:00,@muhammadd_deni @puanmaharani_ri Menginspirasi...😍😍 sekali mbak puan,DedigDedigt,bandung
291,2023-03-02 00:01:46+00:00,@puanmaharani_ri Mbak Puan 😍😍😍,DedigDedigt,bandung
292,2023-03-02 00:01:29+00:00,@puanmaharani_ri sertifikat harus di jaga dengan baik,DedigDedigt,bandung
293,2023-03-02 00:01:22+00:00,@artisindo8 @puanmaharani_ri Amiin ya robbal alamin @puanmaharani_ri,luluksaru251,
294,2023-03-02 00:00:56+00:00,@puanmaharani_ri iya ikut senang mendengarkan nya,DedigDedigt,bandung
295,2023-03-02 00:00:31+00:00,@ely163535 @puanmaharani_ri Mulia banget hati mu mbak puan @puanmaharani_ri,luluksaru251,
296,2023-03-01 23:59:32+00:00,@dea29808 @firmaansyah_ari @puanmaharani_ri Kami turut senengnya ya Allah @puanmaharani_ri,luluksaru251,
297,2023-03-01 23:58:54+00:00,"@dita16577 @puanmaharani_ri salam hormat dan bangga kami untukmu mbak puan,,@puanmaharani_ri",luluksaru251,
298,2023-03-01 23:57:39+00:00,"@AsgarMerah @puanmaharani_ri Alhamdulillah rumah layak banget di huni,, @puanmaharani_ri",luluksaru251,
299,2023-03-01 23:57:01+00:00,@RitasariiSari @puanmaharani_ri alhamdulillah wa syukurillah,luluksaru251,
300,2023-03-01 23:56:19+00:00,@AfifahKirana2 @puanmaharani_ri membuat orang bahagia itu pahala buat mbak @puanmaharani_ri,luluksaru251,
301,2023-03-01 23:55:17+00:00,@Alfians090 @puanmaharani_ri luar biasa memang cucung bung Karno @puanmaharani_ri,luluksaru251,
302,2023-03-01 23:53:58+00:00,"@PertamaPpratama @puanmaharani_ri Orang baik selalu di lindungi AllaH,,@puanmaharani_ri",luluksaru251,
303,2023-03-01 23:48:26+00:00,"@qaidu3 @puanmaharani_ri Lancar terus mbak puan rezekinya,,amin @puanmaharani_ri",luluksaru251,
304,2023-03-01 23:47:29+00:00,@Mansyuralkanuni @puanmaharani_ri penerus bung Karno @puanmaharani_ri,luluksaru251,
305,2023-03-01 23:46:44+00:00,@Ernasusi13 @puanmaharani_ri kebahagiaan yang tak ternilai @puanmaharani_ri,luluksaru251,
306,2023-03-01 23:46:15+00:00,"@puanmaharani_ri Ini contoh kerja nyata @Miduk17 . Ngerti ga lo?

@spiritcarrie5on @_BimbingCBN",aspemojkt,Indonesia
307,2023-03-01 23:45:35+00:00,@hambarokp @puanmaharani_ri Alangkah senangnya dan bahagianya pak ujang dan warga cianjur berkat mbak puan @puanmaharani_ri,luluksaru251,
308,2023-03-01 23:44:50+00:00,"@muhammadd_deni @puanmaharani_ri semoga di 2024 mbak puan presiden RI 1,,amin,,@puanmaharani_ri",luluksaru251,
309,2023-03-01 23:43:09+00:00,"@AdnanAgam1 @puanmaharani_ri mbak puan the next presiden di 2024,,semangat,,@puanmaharani_ri",luluksaru251,
310,2023-03-01 23:42:04+00:00,"@mariookam395 @puanmaharani_ri Semoga Do'a mbak puan di ijabah oleh AllaH,,amiin @puanmaharani_ri",luluksaru251,
311,2023-03-01 23:41:17+00:00,@puanmaharani_ri Next presiden,kutilang_22,
312,2023-03-01 23:40:58+00:00,@puanmaharani_ri Insya Alloh sebelum idul fitri semua masalah sudah tuntas @puanmaharani_ri,luluksaru251,
313,2023-03-01 23:39:58+00:00,"@puanmaharani_ri Nyata banget,,mbak puan peduli sama rakyat nya,,@puanmaharani_ri",luluksaru251,
314,2023-03-01 23:38:48+00:00,@puanmaharani_ri Mbak puan perempuan inspirasi banget @puanmaharani_ri,luluksaru251,
315,2023-03-01 23:37:25+00:00,@puanmaharani_ri Semoga tidak ada lagi warga conajur yg tinggal di tenda @puanmaharani_ri,luluksaru251,
316,2023-03-01 23:36:53+00:00,@puanmaharani_ri Keren layak banget jadi penerusnya soekarno,Mansyuralkanuni,
317,2023-03-01 23:24:46+00:00,@puanmaharani_ri Semoga Ibu @puanmaharani_ri selalu diberikan kelancaran rezekinya biar selalu bisa berbagi,qaidu3,
318,2023-03-01 23:21:37+00:00,@artisindo8 @puanmaharani_ri Barakallah dunia dan akhirat,ely163535,
319,2023-03-01 23:21:02+00:00,@mariookam395 @puanmaharani_ri Selalu bangga sama Ibu Puan,ely163535,
320,2023-03-01 23:20:31+00:00,@AdnanAgam1 @puanmaharani_ri Betul sekali merakyat banget Ibu satu ini,ely163535,
321,2023-03-01 23:19:32+00:00,@AfifahKirana2 @puanmaharani_ri Semoga warga Cianjur yang terkena gempa punya rumah lagi,ely163535,
322,2023-03-01 23:18:47+00:00,"Ketua DPR RI Puan Maharani menyerahkan sertifikat tanah kepada warga Cianjur, Jawa Barat. https://t.co/4MTi5YYaRf",detikcom,"Jakarta, Indonesia"
323,2023-03-01 23:18:29+00:00,@mariookam395 @puanmaharani_ri Aamiin semoga tidak ada lagi musibah lagi,ely163535,
324,2023-03-01 23:15:56+00:00,@Ernasusi13 @puanmaharani_ri Kita doakan saja lancar dan sesuai harapan,ely163535,
325,2023-03-01 23:15:08+00:00,@Dinaaja124 @puanmaharani_ri Kebanggaan kita semua,ely163535,
326,2023-03-01 23:14:14+00:00,@AdnanAgam1 @puanmaharani_ri Keren abis pastinya Ibu Puan,ely163535,
327,2023-03-01 23:13:37+00:00,@Veronikaaja01 @puanmaharani_ri Tak henti-hentinya bangga sama Ibu,ely163535,
328,2023-03-01 23:13:04+00:00,@hambarokp @puanmaharani_ri Yang mendengar berita ini lagi senang apalagi yang menerima kunci rumah,ely163535,
329,2023-03-01 23:12:21+00:00,@AfifahKirana2 @puanmaharani_ri Mimpi apa ya warga Cianjur dapat rumah dari Ibu Puan,ely163535,
330,2023-03-01 23:11:31+00:00,@KynanPutri4 @puanmaharani_ri Bersyukur pastinya,ely163535,
331,2023-03-01 23:11:02+00:00,@mariookam395 @puanmaharani_ri Aamiin semoga diberikan rezeki yang banyak biar terus bisa berbagi,ely163535,
332,2023-03-01 23:09:58+00:00,@dea29808 @puanmaharani_ri Mantap sudah 200 rumah siap huni,ely163535,
333,2023-03-01 23:09:16+00:00,@Dinaaja124 @puanmaharani_ri Berhati mulia sekali,ely163535,
334,2023-03-01 23:05:50+00:00,@Veronikaaja01 @puanmaharani_ri Itu salah satu kelebihan Ibu Puan,ely163535,
335,2023-03-01 23:04:52+00:00,@Ernasusi13 @puanmaharani_ri Kita doakan saja semoga lancar dan sesuai harapan,ely163535,
336,2023-03-01 23:03:13+00:00,@KynanPutri4 @puanmaharani_ri Patut acungkan jempol buat Ibu,ely163535,
337,2023-03-01 23:02:30+00:00,@Dinaaja124 @puanmaharani_ri PDI-P mendukung Ibu Puan jadi capres,ely163535,
338,2023-03-01 23:01:53+00:00,@dea29808 @puanmaharani_ri Berhati mulia sekali Ibu satu ini,ely163535,
339,2023-03-01 23:00:53+00:00,@hambarokp @puanmaharani_ri Aamiin kita doakan saja,ely163535,
340,2023-03-01 23:00:18+00:00,"@puanmaharani_ri Salut sama Ibu @puanmaharani_ri sosok berjiwa kepedulian terhadap sesama begitu tinggi, mulia sekali hati Ibu",ely163535,
341,2023-03-01 22:58:34+00:00,@anjishope @PertamaPpratama @puanmaharani_ri Bersama Ibu Puan Indonesia lebih baik lagi,dita16577,
342,2023-03-01 22:57:45+00:00,@PertamaPpratama @puanmaharani_ri Aamiin semoga Ibu Puan selalu dalam lindungan Allah,dita16577,
343,2023-03-01 22:56:48+00:00,@AdnanAgam1 @puanmaharani_ri Kawal terus dukung Bu Puan,dita16577,
344,2023-03-01 22:56:04+00:00,@Ernasusi13 @puanmaharani_ri Pasti nya kebahagiaan bagi warga Cianjur,dita16577,
345,2023-03-01 22:55:24+00:00,@mariookam395 @puanmaharani_ri Tak henti-hentinya bangga sama Ibu Puan,dita16577,
346,2023-03-01 22:54:50+00:00,@AdnanAgam1 @puanmaharani_ri InsyaAllah presiden RI 2024,dita16577,
347,2023-03-01 22:54:20+00:00,"@muhammadd_deni @puanmaharani_ri Ibu Puan selalu dihati, love you",dita16577,
348,2023-03-01 22:53:35+00:00,@Veronikaaja01 @puanmaharani_ri Itulah kelebihan sosok dari Ibu Puan,dita16577,
349,2023-03-01 22:52:58+00:00,@mariookam395 @puanmaharani_ri Aamiin allahumma aamiin,dita16577,
350,2023-03-01 22:52:23+00:00,@AfifahKirana2 @puanmaharani_ri Iya semoga kita doakan  saja,dita16577,
351,2023-03-01 22:51:45+00:00,@mariookam395 @puanmaharani_ri Sangat setuju sekali setiap yang dilakukan Ibu Puan,dita16577,
352,2023-03-01 22:51:05+00:00,@Ernasusi13 @puanmaharani_ri Kita doakan saja semoga lancar dan warga Cianjur bisa merasakan lebaran dirumah,dita16577,
353,2023-03-01 22:50:18+00:00,@Dinaaja124 @puanmaharani_ri Tidak diragukan lagi capres 2024 Ibu Puan,dita16577,
354,2023-03-01 22:49:33+00:00,@dea29808 @puanmaharani_ri Berjiwa mulia sekali hati Ibu Puan,dita16577,
355,2023-03-01 22:49:01+00:00,@hambarokp @puanmaharani_ri Semoga saja cepat selesai sesuai harapan,dita16577,
356,2023-03-01 22:48:20+00:00,@Veronikaaja01 @puanmaharani_ri Sosok Ibu Puan memang jadi inspirasi banget buat kita,dita16577,
357,2023-03-01 22:47:40+00:00,@AfifahKirana2 @puanmaharani_ri Iya pasti senang banget warga Cianjur pas Terima kunci rumah,dita16577,
358,2023-03-01 22:46:55+00:00,@Veronikaaja01 @puanmaharani_ri Tentunya setiap yang dilakukan Ibu membuat kami bangga,dita16577,
359,2023-03-01 22:46:16+00:00,@KynanPutri4 @puanmaharani_ri Pemimpin yang seperti ini yang patut jadi presiden,dita16577,
360,2023-03-01 22:45:42+00:00,@anjishope @puanmaharani_ri Pelajaran yg berharga banget mbak puan @puanmaharani_ri,AfifahKirana2,
361,2023-03-01 22:45:34+00:00,@hambarokp @puanmaharani_ri InsyaAllah akan dibalas oleh Allah kebaikan Ibu Puan,dita16577,
362,2023-03-01 22:44:45+00:00,@dea29808 @puanmaharani_ri Hebatnya mbak puan @puanmaharani_ri,AfifahKirana2,
363,2023-03-01 22:44:06+00:00,@dita16577 @puanmaharani_ri bukti nyata mbak puan peduli sama rajyatnya @puanmaharani_ri,AfifahKirana2,
364,2023-03-01 22:43:18+00:00,@firmaansyah_ari @puanmaharani_ri Congrats pak ujang dan warga cianjur,AfifahKirana2,
365,2023-03-01 22:43:12+00:00,@puanmaharani_ri Bangga sama Ibu @puanmaharani_ri sosok jiwa kepedulian sesama saudara begitu tinggi,dita16577,
366,2023-03-01 22:42:48+00:00,@RitasariiSari @puanmaharani_ri alhamdulillah banget @puanmaharani_ri,AfifahKirana2,
367,2023-03-01 22:41:51+00:00,"@AsgarMerah @puanmaharani_ri Pasca gempa yg melanda ada hikmahnya,,mereka tidak tidur di tenda lagi @puanmaharani_ri",AfifahKirana2,
368,2023-03-01 22:41:33+00:00,@muhammadd_deni @puanmaharani_ri Selalu dihati kami Bu Puan,BellaB6225355,
369,2023-03-01 22:41:08+00:00,@tri910721 @PertamaPpratama @puanmaharani_ri Sehat selalu ya Bu biar bisa selalu berbagi,BellaB6225355,
370,2023-03-01 22:40:43+00:00,@Zia1111 @KynanPutri4 @puanmaharani_ri Berbagi rezeki yg halal akan di permudahkan urusan @puanmaharani_ri,AfifahKirana2,
371,2023-03-01 22:40:29+00:00,@PertamaPpratama @puanmaharani_ri Aamiin semoga selalu dalam lindungan Allah,BellaB6225355,
372,2023-03-01 22:39:38+00:00,@artisindo8 @puanmaharani_ri Berkah selalu rezekinya mbak puan @puanmaharani_ri,AfifahKirana2,
373,2023-03-01 22:39:28+00:00,@artisindo8 @puanmaharani_ri Semoga Allah membalas kebaikan Ibu Puan,BellaB6225355,
374,2023-03-01 22:38:57+00:00,@mariookam395 @puanmaharani_ri Semakin hari semakin bangga,BellaB6225355,
375,2023-03-01 22:38:29+00:00,@tri910721 @RitasariiSari @puanmaharani_ri Begitu sosok Ibu Puan pelipu lara mereka,BellaB6225355,
376,2023-03-01 22:38:28+00:00,@Alfians090 @puanmaharani_ri amiin allhuma amin @puanmaharani_ri,AfifahKirana2,
377,2023-03-01 22:38:00+00:00,@mariookam395 @puanmaharani_ri Pengen banget foto bareng mbak puan @puanmaharani_ri,AfifahKirana2,
378,2023-03-01 22:37:45+00:00,@mariookam395 @RitasariiSari @puanmaharani_ri Layak dan tidak diragukan lagi sosok pemimpin ya seperti Ibu Puan,BellaB6225355,
379,2023-03-01 22:36:12+00:00,@anjishope @AsgarMerah @puanmaharani_ri Kerja nyata mbk puan untuk rakyat terbukti @puanmaharani_ri,AfifahKirana2,
380,2023-03-01 22:35:47+00:00,@KynanPutri4 @RitasariiSari @puanmaharani_ri Dibalik musibah pasti ada hidayah nya,BellaB6225355,
381,2023-03-01 22:35:18+00:00,@muhammadd_deni @puanmaharani_ri mbak puan ter ❤❤ @puanmaharani_ri,AfifahKirana2,
382,2023-03-01 22:34:18+00:00,@mariookam395 @RitasariiSari @puanmaharani_ri Indonesia akan lebih maju lagi brsama mbk puan @puanmaharani_ri,AfifahKirana2,
383,2023-03-01 22:33:41+00:00,Malu gak pak @jokowi @puanmaharani_ri @erickthohir  @Humas_DKI @dprddkijakarta .. kalian musuhi gembosi fitnah rame2 @aniesbaswedan .. kalian bangga tiru pula keberhasilannya .. @tvOneNews @Metro_TV @KompasTV @MikeTyson,PONOROG23764997,
384,2023-03-01 22:33:40+00:00,@Alfians090 @puanmaharani_ri Aset bangsa banget mbak @puanmaharani_ri,AfifahKirana2,
385,2023-03-01 22:33:29+00:00,@RitasariiSari @puanmaharani_ri Alhamdulillah warga Cianjur sudah punya rumah lagi berkat Ibu Puan,BellaB6225355,
386,2023-03-01 22:33:03+00:00,@hambarokp @puanmaharani_ri Bersyukur banget warga cianjur @puanmaharani_ri,AfifahKirana2,
387,2023-03-01 22:32:24+00:00,@Ernasusi13 @puanmaharani_ri Pastinya dong,BellaB6225355,
388,2023-03-01 22:31:59+00:00,@Ernasusi13 @puanmaharani_ri Bahagia banget pak ujang mewakili warga cianjur @puanmaharani_ri,AfifahKirana2,
389,2023-03-01 22:31:26+00:00,@AfifahKirana2 @puanmaharani_ri Tentunya sukacita yang dirasakan warga Cianjur setelah punya rumah,BellaB6225355,
390,2023-03-01 22:31:11+00:00,@AdnanAgam1 @puanmaharani_ri calon presiden ku di 2024 @puanmaharani_ri,AfifahKirana2,
391,2023-03-01 22:30:41+00:00,@KynanPutri4 @AdnanAgam1 @puanmaharani_ri Siap kita kawal terus Bu Puan,BellaB6225355,
392,2023-03-01 22:30:19+00:00,@puanmaharani_ri sebelum idul fitri mereka sudah di rumah baru @puanmaharani_ri,AfifahKirana2,
393,2023-03-01 22:30:06+00:00,@AdnanAgam1 @puanmaharani_ri Tidak diragukan lagi Bu Puan presiden RI 2024,BellaB6225355,
394,2023-03-01 22:29:09+00:00,@AyahKami3 @puanmaharani_ri Benar tambah salut sama Ibu Puan,BellaB6225355,
395,2023-03-01 22:28:35+00:00,@dea29808 @puanmaharani_ri Aamiin semoga berkah ya Bu untuk warga Cianjur khususnya,BellaB6225355,
396,2023-03-01 22:28:10+00:00,"@puanmaharani_ri musim hujan dan ramadhan sebentar lagi,,warga cianjur sudah dpet rumah @puanmaharani_ri",AfifahKirana2,
397,2023-03-01 22:27:45+00:00,@Dinaaja124 @puanmaharani_ri Pastinya Bu Puan kebanggan PDI-P dan kebanggaan kita semua,BellaB6225355,
398,2023-03-01 22:26:49+00:00,@puanmaharani_ri Seneng nya warga cianjur dpet rumah siap huni @puanmaharani_ri,AfifahKirana2,
399,2023-03-01 22:26:13+00:00,@AdnanAgam1 @puanmaharani_ri Alhamdulillah warga Cianjur bisa ikut merasakan lebaran dirumah,BellaB6225355,
400,2023-03-01 22:25:22+00:00,@Dinaaja124 @puanmaharani_ri Wanita tangguh berhati mulia,BellaB6225355,
401,2023-03-01 22:24:59+00:00,@puanmaharani_ri Ter pancar kebahagiaan Warga cianjur bersama @puanmaharani_ri,AfifahKirana2,
402,2023-03-01 22:24:49+00:00,@KynanPutri4 @puanmaharani_ri Selalu ada dihati kami Ibu Puan,BellaB6225355,
403,2023-03-01 22:23:56+00:00,@AyahKami3 @puanmaharani_ri Ya semoga Allah meridhai setiap apa yang dilakukan Ibu demi warga Cianjur khususnya,BellaB6225355,
404,2023-03-01 22:23:15+00:00,@jamalnst00 @puanmaharani_ri Amiin ya Allah presiden @puanmaharani_ri,KynanPutri4,
405,2023-03-01 22:22:17+00:00,@Zia1111 @puanmaharani_ri Jiwa kepedulian mbak puan sangt tinggi @puanmaharani_ri,KynanPutri4,
406,2023-03-01 22:22:00+00:00,@puanmaharani_ri Semoga Allah membalas semua kebaikan Ibu @puanmaharani_ri,BellaB6225355,
407,2023-03-01 22:20:49+00:00,@firmaansyah_ari @puanmaharani_ri Senengnya pak ujang berkat @puanmaharani_ri,KynanPutri4,
408,2023-03-01 22:19:54+00:00,@KynanPutri4 @puanmaharani_ri Ibu Puan terhebat,Zia1111,
409,2023-03-01 22:19:22+00:00,@Dinaaja124 @dea29808 @puanmaharani_ri Tentunya Ibu Puan layak jadi presiden,Zia1111,
410,2023-03-01 22:18:52+00:00,@DedekIak @dea29808 @puanmaharani_ri Benar-benar hati Bu Puan begitu baik,Zia1111,
411,2023-03-01 22:18:45+00:00,@Alfians090 @puanmaharani_ri Rezeki yang berlimpah @puanmaharani_ri,KynanPutri4,
412,2023-03-01 22:18:03+00:00,@hambarokp @puanmaharani_ri Iya mudah-mudahan cepat selesai dan saudara kita yang tertimpah musibah dapat ikut berbahagia lebaran nanti,Zia1111,
413,2023-03-01 22:17:48+00:00,@Dinaaja124 @puanmaharani_ri top banget mbak @puanmaharani_ri,KynanPutri4,
414,2023-03-01 22:17:20+00:00,@muhammadd_deni @puanmaharani_ri Semangat mbak puan @puanmaharani_ri,KynanPutri4,
415,2023-03-01 22:16:37+00:00,@dea29808 @puanmaharani_ri Mantep mbak puan @puanmaharani_ri,KynanPutri4,
416,2023-03-01 22:15:25+00:00,@fadilahmaad67 @puanmaharani_ri Semoga Allah membalas kebaikan Ibu,Zia1111,
417,2023-03-01 22:14:56+00:00,@artisindo8 @puanmaharani_ri Sukses dunia akhirat @puanmaharani_ri,KynanPutri4,
418,2023-03-01 22:14:48+00:00,@dea29808 @AurelTritania @puanmaharani_ri Pastinya dong selalu mendoakan Ibu Puan,Zia1111,
419,2023-03-01 22:14:20+00:00,"@RitasariiSari @puanmaharani_ri Dampak dari gempa,,warga cianjur dpet rumah siap huni @puanmaharani_ri",KynanPutri4,
420,2023-03-01 22:14:05+00:00,@AurelTritania @puanmaharani_ri Doa yang terbaik selalu untuk ibu Puan,Zia1111,
421,2023-03-01 22:13:27+00:00,@tri910721 @puanmaharani_ri Tidak diragukan lagi,Zia1111,
422,2023-03-01 22:12:41+00:00,"@Namaku_Ibrahim @puanmaharani_ri Gw kaga tau bang, klo digambar itu doi lg kemulan ( berselimut ) sarung mah. Itu prestasi bukan ?!",UmidjI,"Indonesia ,Diyarbakır, Türkiye"
423,2023-03-01 22:12:27+00:00,@ayukhanny @puanmaharani_ri Lanjut Bu Puan presiden RI 2024,Zia1111,
424,2023-03-01 22:12:10+00:00,@hambarokp @puanmaharani_ri Senang dan bahagia nya pak ujang dan warga cianjur @puanmaharani_ri,KynanPutri4,
425,2023-03-01 22:10:12+00:00,@AsgarMerah @puanmaharani_ri Warga cianjur enggk akan tidur di tenda lagi @puanmaharani_ri,KynanPutri4,
426,2023-03-01 22:04:54+00:00,@tri910721 @anjishope @puanmaharani_ri Tentunya Ibu Puan selalu jadi inspirasi buat kita,Zia1111,
427,2023-03-01 22:04:38+00:00,@Ernasusi13 @puanmaharani_ri Kebahagiaan yg sangat luar biasa @puanmaharani_ri,KynanPutri4,
428,2023-03-01 22:04:06+00:00,@dea29808 @AyahKami3 @puanmaharani_ri Iya InsyaAllah,Zia1111,
429,2023-03-01 22:03:40+00:00,@AyahKami3 @puanmaharani_ri Aamiin semoga Allah membalas semua kebaikan Ibu,Zia1111,
430,2023-03-01 22:03:05+00:00,"@PertamaPpratama @puanmaharani_ri mbak puan senantiasa dlm lindungan oleh AllaH,,@puanmaharani_ri",KynanPutri4,
431,2023-03-01 22:02:16+00:00,@RitasariiSari @puanmaharani_ri Terus tetap la semangat untuk warga Cianjur yang terkena gempa,Zia1111,
432,2023-03-01 22:01:54+00:00,@Alfians090 @puanmaharani_ri mbak puan salah satu aset bangsa @puanmaharani_ri,KynanPutri4,
433,2023-03-01 22:00:48+00:00,@AdnanAgam1 @puanmaharani_ri kawal terus mbak puan presiden @puanmaharani_ri,KynanPutri4,
434,2023-03-01 22:00:29+00:00,@jamalnst00 @puanmaharani_ri Tidak diragukan lagi,Zia1111,
435,2023-03-01 22:00:04+00:00,@puanmaharani_ri mbak puan selalu di hati @puanmaharani_ri,KynanPutri4,
436,2023-03-01 21:59:45+00:00,@dea29808 @hambarokp @puanmaharani_ri Iya turut senang mendengar nya,Zia1111,
437,2023-03-01 21:59:03+00:00,@hambarokp @puanmaharani_ri Pastinya sangat bahagia sekali mereka,Zia1111,
438,2023-03-01 21:58:21+00:00,@mariookam395 @puanmaharani_ri Semakin hari semakin bangga,Zia1111,
439,2023-03-01 21:57:46+00:00,@KynanPutri4 @puanmaharani_ri Semoga Ibu selalu diberikan kesehatan dan dilancarkan rezekinya biar selalu bisa berbagi,Zia1111,
440,2023-03-01 21:57:25+00:00,@puanmaharani_ri Dah cocok capres,jamalnst00,
441,2023-03-01 21:57:25+00:00,@puanmaharani_ri Alhamdulillah mbak puan Keren @puanmaharani_ri,KynanPutri4,
442,2023-03-01 21:55:17+00:00,@puanmaharani_ri Bersyukur banget warga cianjur berkat mbak puan,KynanPutri4,
443,2023-03-01 21:54:17+00:00,@puanmaharani_ri Sehat terus mbak puan demi Indonesia lebih baik @puanmaharani_ri,KynanPutri4,
444,2023-03-01 21:50:14+00:00,"@mariookam395 @puanmaharani_ri Sama,,pengen banget foto bareng mbak @puanmaharani_ri",AdnanAgam1,
445,2023-03-01 21:49:13+00:00,@Alfians090 @puanmaharani_ri InsyaAllah rezekinya banyak,AdnanAgam1,
446,2023-03-01 21:47:23+00:00,@muhammadd_deni @puanmaharani_ri The next presiden @puanmaharani_ri,AdnanAgam1,
447,2023-03-01 21:41:03+00:00,@RitasariiSari @puanmaharani_ri Ada Pelangi di balik musibah @puanmaharani_ri,AdnanAgam1,
448,2023-03-01 21:39:55+00:00,@Alfians090 @fadilahmaad67 @Zia1111 @puanmaharani_ri top ibu puan,Dinaaja124,
449,2023-03-01 21:39:40+00:00,@fadilahmaad67 @Zia1111 @puanmaharani_ri Orang baik dicintai orang,Dinaaja124,
450,2023-03-01 21:39:22+00:00,@tri910721 @Zia1111 @puanmaharani_ri Bannyak yg kagum sm sosok ibu puan,Dinaaja124,
451,2023-03-01 21:39:08+00:00,@Zia1111 @puanmaharani_ri Memang dri dulu perhatian bagnget,Dinaaja124,
452,2023-03-01 21:38:38+00:00,"@AsgarMerah @puanmaharani_ri Alhamdulilah berkat mbak puan,,warga cianjur bahagia @puanmaharani_ri",AdnanAgam1,
453,2023-03-01 21:37:51+00:00,@Veronikaaja01 @Ernasusi13 @puanmaharani_ri Jelas ibu puan memang punya jiwa kemanusian yg tinggi,Dinaaja124,
454,2023-03-01 21:37:25+00:00,@Ernasusi13 @puanmaharani_ri Betapa senang nya beliau,Dinaaja124,
455,2023-03-01 21:37:10+00:00,@dea29808 @PertamaPpratama @puanmaharani_ri Mwmang dri dulu top ibu puan,Dinaaja124,
456,2023-03-01 21:36:59+00:00,@AdnanAgam1 @PertamaPpratama @puanmaharani_ri Dukung bro ibu puan jangan enggak,Dinaaja124,
457,2023-03-01 21:36:51+00:00,@sabronaiditnusa @puanmaharani_ri Indonesia lebih maju bersama @puanmaharani_ri,AdnanAgam1,
458,2023-03-01 21:36:47+00:00,@AdnanAgam1 @PertamaPpratama @puanmaharani_ri Inhsaallh rejekinya jg baik,Dinaaja124,
459,2023-03-01 21:35:20+00:00,@PertamaPpratama @puanmaharani_ri Orang baik banget @puanmaharani_ri,AdnanAgam1,
460,2023-03-01 21:34:28+00:00,@Alfians090 @puanmaharani_ri mbak puan salah satu aset bangsa @puanmaharani_ri,AdnanAgam1,
461,2023-03-01 21:33:38+00:00,@artisindo8 @puanmaharani_ri BerkaH dan sukses terus @puanmaharani_ri,AdnanAgam1,
462,2023-03-01 21:32:21+00:00,@Ernasusi13 @puanmaharani_ri Kebahagiaan yg luar biasa warga cianjur @puanmaharani_ri,AdnanAgam1,
463,2023-03-01 21:29:33+00:00,@AnjiShopee @puanmaharani_ri Enggak akan ragu lagi @puanmaharani_ri,AdnanAgam1,
464,2023-03-01 21:28:45+00:00,@KynanPutri4 @puanmaharani_ri Selalu peduli,AnjiShopee,
465,2023-03-01 21:28:31+00:00,@DedigDedigt @puanmaharani_ri Joss,AnjiShopee,
466,2023-03-01 21:28:29+00:00,@AnjiShopee @puanmaharani_ri Insya allah mbak puan akan lebih baik lagi @puanmaharani_ri,AdnanAgam1,
467,2023-03-01 21:27:45+00:00,@AurelTritania @puanmaharani_ri Giliran anak muda berkarya,AnjiShopee,
468,2023-03-01 21:27:32+00:00,@Veronikaaja01 @puanmaharani_ri Orang baik akan selalu dlm lindungan AllaH SWT,AdnanAgam1,
469,2023-03-01 21:27:12+00:00,@DedigDedigt @puanmaharani_ri Mulia banget hati ibu puan,AnjiShopee,
470,2023-03-01 21:26:31+00:00,@puanmaharani_ri Yajin banget kmi sm ibu,AnjiShopee,
471,2023-03-01 21:26:17+00:00,"@puanmaharani_ri Mantap bu, ibu luar biaaa bangey",AnjiShopee,
472,2023-03-01 21:25:48+00:00,@firmaansyah_ari @puanmaharani_ri mudah2han ada rejekinya untuk ibu pm,AnjiShopee,
473,2023-03-01 21:25:46+00:00,@AdnanAgam1 @puanmaharani_ri InsyaAllah layak jadi presiden RI,Zia1111,
474,2023-03-01 21:25:32+00:00,@mariookam395 @puanmaharani_ri Murah rezeki nya mbak @puanmaharani_ri,AdnanAgam1,
475,2023-03-01 21:25:09+00:00,@AldainSatu @puanmaharani_ri memang top abis deh pokoknya ibu pian banyak idolanya,AnjiShopee,
476,2023-03-01 21:24:49+00:00,@AurelTritania @puanmaharani_ri Inshaallah doakan saja,AnjiShopee,
477,2023-03-01 21:24:16+00:00,@KynanPutri4 @puanmaharani_ri Ibu puan sangat mengagumkan,AnjiShopee,
478,2023-03-01 21:24:14+00:00,@AdnanAgam1 @puanmaharani_ri Ya seperti Ibu Puan ini,DedekIak,
479,2023-03-01 21:24:10+00:00,"Any DOMESTICS obstacles, problems, turmoil, individual untrustworthyness, Etcetera SHALL be able to be mitigated,   WERE @jokowi @Kiyai_MarufAmin @puanmaharani_ri @bamsoet10 @Puspen_TNI are solidifying their UNITY in their endeavors to ""FIX"" NKRI @ibuMegawatiSP @SBYudhoyono",ElangUtama2,South East Asia
480,2023-03-01 21:24:01+00:00,@Dinaaja124 @puanmaharani_ri politisi muda yang berwawasan tinggi @puanmaharani_ri,AdnanAgam1,
481,2023-03-01 21:23:41+00:00,@Dinaaja124 @puanmaharani_ri Bismillah layak jadi presiden 2024,DedekIak,
482,2023-03-01 21:23:37+00:00,@sabronaiditnusa @puanmaharani_ri sangat mengagumkan,AnjiShopee,
483,2023-03-01 21:23:25+00:00,@anjishope @Alfians090 @puanmaharani_ri .semakin yakin sm jiwa kepempinan ibu puan,AnjiShopee,
484,2023-03-01 21:23:13+00:00,@anjishope @Alfians090 @puanmaharani_ri .bu puan punya segudang ide keren untuk memajukan bangsa,AnjiShopee,
485,2023-03-01 21:23:05+00:00,@Veronikaaja01 @puanmaharani_ri Itulah sosok positif yang ada pada diri Ibu Puan,DedekIak,
486,2023-03-01 21:22:57+00:00,"@Alfians090 @puanmaharani_ri ibu pm idola kita semua, sangat mengispirasi generasi muda",AnjiShopee,
487,2023-03-01 21:22:34+00:00,@dea29808 @puanmaharani_ri luar biasa @puanmaharani_ri,AdnanAgam1,
488,2023-03-01 21:22:28+00:00,@DedekIak @AdnanAgam1 @puanmaharani_ri makin cinta sm ibu pm,AnjiShopee,
489,2023-03-01 21:22:10+00:00,@DedekIak @AdnanAgam1 @puanmaharani_ri Ibu puan emang best,AnjiShopee,
490,2023-03-01 21:22:04+00:00,@dea29808 @puanmaharani_ri Begitu baik hati Bu Puan memikirkan banyak orang untuk bisa berlebihan di rumah bukan ditenda,DedekIak,
491,2023-03-01 21:21:56+00:00,@Alfians090 @puanmaharani_ri sangat kepedulian kepada masyarakat @puanmaharani_ri,AdnanAgam1,
492,2023-03-01 21:21:53+00:00,@AdnanAgam1 @puanmaharani_ri .kagum sama sosok ibu puan,AnjiShopee,
493,2023-03-01 21:21:35+00:00,"@fadilahmaad67 @DedekIak @puanmaharani_ri .capres perempuan kedua setelah ibu mega, mudah2han rejekinya jg sm ya bu",AnjiShopee,
494,2023-03-01 21:21:09+00:00,@Veronikaaja01 @puanmaharani_ri Bangga banget pastinya @puanmaharani_ri,AdnanAgam1,
495,2023-03-01 21:20:51+00:00,@tri910721 @DedekIak @puanmaharani_ri .ibu puan memang keren,AnjiShopee,
496,2023-03-01 21:20:49+00:00,@NenkMonica @puanmaharani_ri Jelas mangkraknya..😂,Jackv52349443,
497,2023-03-01 21:20:49+00:00,@Alfians090 @puanmaharani_ri Sangat setuju sekali sama beliau setiap yang dilakukan  pasti buat banyak orang,DedekIak,
498,2023-03-01 21:20:01+00:00,@Veronikaaja01 @puanmaharani_ri Aamiin semoga Allah membalas semua kebaikan Ibu,DedekIak,
499,2023-03-01 21:19:36+00:00,@hambarokp @puanmaharani_ri Bersyukur banget mereka @puanmaharani_ri,AdnanAgam1,
500,2023-03-01 21:19:23+00:00,@AdnanAgam1 @puanmaharani_ri Top banget pastinya,DedekIak,
501,2023-03-01 21:18:34+00:00,@mariookam395 @puanmaharani_ri Aamiin semoga Ibu dilancarkan rezekinya biar selalu bisa berbagi,DedekIak,
